id,year,month,day,date,wsu_depth,tis_depth,tun_depth,ppa_depth,ppd_depth,mlk_depth,rpp_depth,rti_depth
1,2014,9,27,2014-09-27,NA,NA,NA,NA,NA,NA,NA,NA
2,2014,9,28,2014-09-28,NA,NA,NA,NA,NA,NA,NA,0
3,2014,9,29,2014-09-29,NA,NA,NA,NA,NA,NA,NA,0
4,2014,9,30,2014-09-30,NA,NA,NA,NA,NA,NA,NA,0
5,2014,10,1,2014-10-01,NA,NA,0,NA,NA,NA,NA,0
6,2014,10,2,2014-10-02,NA,0,0,NA,NA,NA,NA,0
7,2014,10,3,2014-10-03,NA,5,0,NA,NA,NA,NA,0
8,2014,10,4,2014-10-04,5,0,0,NA,NA,NA,NA,1
9,2014,10,5,2014-10-05,5,0,0,NA,NA,NA,NA,25
10,2014,10,6,2014-10-06,5,0,0,NA,NA,NA,NA,25
11,2014,10,7,2014-10-07,5,0,0,NA,NA,NA,NA,23
12,2014,10,8,2014-10-08,5,0,0,NA,NA,NA,NA,15
13,2014,10,9,2014-10-09,5,0,0,NA,NA,NA,NA,16
14,2014,10,10,2014-10-10,5,1,0,NA,NA,NA,NA,15
15,2014,10,11,2014-10-11,5,5,1,NA,NA,NA,NA,16
16,2014,10,12,2014-10-12,5,0,0,NA,NA,NA,NA,16
17,2014,10,13,2014-10-13,5,0,0,NA,NA,NA,NA,16
18,2014,10,14,2014-10-14,5,0,0,NA,NA,NA,NA,16
19,2014,10,15,2014-10-15,5,0,0,NA,NA,NA,NA,16
20,2014,10,16,2014-10-16,NA,1,0,NA,NA,NA,NA,16
21,2014,10,17,2014-10-17,NA,5,1,NA,NA,NA,NA,16
22,2014,10,18,2014-10-18,NA,5,1,NA,NA,NA,NA,16
23,2014,10,19,2014-10-19,NA,5,5,NA,NA,NA,NA,15
24,2014,10,20,2014-10-20,NA,0,0,NA,NA,NA,NA,16
25,2014,10,21,2014-10-21,NA,0,0,NA,NA,NA,NA,NA
26,2014,10,22,2014-10-22,NA,0,0,NA,NA,NA,NA,NA
27,2014,10,23,2014-10-23,NA,0,0,NA,NA,NA,NA,NA
28,2014,10,24,2014-10-24,NA,0,0,NA,NA,NA,NA,NA
29,2014,10,25,2014-10-25,NA,0,0,NA,NA,NA,NA,NA
30,2014,10,26,2014-10-26,NA,1,0,NA,NA,NA,NA,NA
31,2014,10,27,2014-10-27,NA,1,0,NA,NA,NA,NA,NA
32,2014,10,28,2014-10-28,NA,5,0,NA,NA,NA,NA,NA
33,2014,10,29,2014-10-29,NA,5,0,NA,NA,NA,NA,NA
34,2014,10,30,2014-10-30,NA,10,2,NA,NA,NA,NA,NA
35,2014,10,31,2014-10-31,NA,10,2,NA,NA,NA,NA,NA
36,2014,11,1,2014-11-01,NA,10,3,NA,NA,NA,NA,NA
37,2014,11,2,2014-11-02,NA,10,3,NA,NA,NA,NA,NA
38,2014,11,3,2014-11-03,10,10,2,NA,NA,NA,NA,NA
39,2014,11,4,2014-11-04,10,10,3,NA,NA,NA,NA,NA
40,2014,11,5,2014-11-05,NA,10,3,NA,NA,NA,NA,NA
41,2014,11,6,2014-11-06,NA,15,4,NA,NA,NA,NA,NA
42,2014,11,7,2014-11-07,NA,15,9,NA,NA,NA,NA,NA
43,2014,11,8,2014-11-08,NA,NA,5,NA,NA,NA,NA,NA
44,2014,11,9,2014-11-09,NA,NA,5,NA,NA,NA,NA,NA
45,2014,11,10,2014-11-10,NA,NA,5,NA,NA,NA,NA,NA
46,2014,11,11,2014-11-11,NA,NA,2,NA,NA,NA,NA,NA
47,2014,11,12,2014-11-12,NA,NA,2,NA,NA,NA,NA,NA
48,2014,11,13,2014-11-13,NA,NA,NA,NA,NA,NA,NA,NA
49,2014,11,14,2014-11-14,NA,NA,NA,NA,NA,NA,NA,NA
50,2014,11,15,2014-11-15,NA,NA,NA,NA,NA,NA,NA,NA
51,2014,11,16,2014-11-16,NA,NA,NA,NA,NA,NA,NA,NA
52,2014,11,17,2014-11-17,NA,NA,NA,NA,NA,NA,NA,NA
53,2014,11,18,2014-11-18,NA,NA,NA,NA,NA,NA,NA,NA
54,2014,11,19,2014-11-19,NA,NA,NA,NA,NA,NA,NA,NA
55,2014,11,20,2014-11-20,NA,NA,NA,NA,NA,NA,NA,NA
56,2014,11,21,2014-11-21,NA,NA,NA,NA,NA,NA,NA,NA
57,2014,11,22,2014-11-22,NA,NA,NA,NA,NA,NA,NA,NA
58,2014,11,23,2014-11-23,NA,NA,NA,NA,NA,NA,NA,NA
59,2014,11,24,2014-11-24,NA,NA,NA,NA,NA,NA,NA,NA
60,2014,11,25,2014-11-25,NA,NA,NA,NA,NA,NA,NA,NA
61,2014,11,26,2014-11-26,NA,NA,NA,NA,NA,NA,NA,NA
62,2014,11,27,2014-11-27,NA,NA,NA,NA,NA,NA,NA,NA
63,2014,11,28,2014-11-28,NA,NA,NA,NA,NA,NA,NA,NA
64,2014,11,29,2014-11-29,NA,NA,NA,NA,NA,NA,NA,NA
65,2014,11,30,2014-11-30,NA,NA,NA,NA,NA,NA,NA,NA
66,2014,12,1,2014-12-01,NA,NA,NA,NA,NA,NA,NA,NA
67,2014,12,2,2014-12-02,NA,NA,NA,NA,NA,NA,NA,NA
68,2014,12,3,2014-12-03,NA,NA,NA,NA,NA,NA,NA,NA
69,2014,12,4,2014-12-04,NA,NA,NA,NA,NA,NA,NA,NA
70,2014,12,5,2014-12-05,NA,NA,NA,NA,NA,NA,NA,NA
71,2014,12,6,2014-12-06,NA,NA,NA,NA,NA,NA,NA,NA
72,2014,12,7,2014-12-07,NA,NA,NA,NA,NA,NA,NA,NA
73,2014,12,8,2014-12-08,NA,NA,NA,NA,NA,NA,NA,NA
74,2014,12,9,2014-12-09,NA,NA,NA,NA,NA,NA,NA,NA
75,2014,12,10,2014-12-10,NA,NA,NA,NA,NA,3,NA,NA
76,2014,12,11,2014-12-11,NA,NA,NA,NA,NA,1,NA,NA
77,2014,12,12,2014-12-12,NA,NA,NA,NA,NA,NA,NA,NA
78,2014,12,13,2014-12-13,NA,NA,NA,NA,NA,0,NA,NA
79,2014,12,14,2014-12-14,NA,NA,NA,NA,NA,0,NA,NA
80,2014,12,15,2014-12-15,NA,NA,NA,NA,NA,0,NA,NA
81,2014,12,16,2014-12-16,NA,NA,NA,NA,NA,0,NA,NA
82,2014,12,17,2014-12-17,NA,NA,NA,NA,NA,0,NA,NA
83,2014,12,18,2014-12-18,NA,NA,NA,NA,NA,0,NA,NA
84,2014,12,19,2014-12-19,NA,NA,NA,NA,NA,0,NA,NA
85,2014,12,20,2014-12-20,NA,NA,NA,NA,NA,1,NA,NA
86,2014,12,21,2014-12-21,NA,NA,NA,NA,NA,2,NA,NA
87,2014,12,22,2014-12-22,NA,NA,NA,NA,NA,2,NA,NA
88,2014,12,23,2014-12-23,NA,NA,NA,NA,NA,0,NA,NA
89,2014,12,24,2014-12-24,NA,NA,NA,NA,NA,4,NA,NA
90,2014,12,25,2014-12-25,NA,NA,NA,NA,NA,6,NA,NA
91,2014,12,26,2014-12-26,NA,NA,NA,NA,NA,8,NA,NA
92,2014,12,27,2014-12-27,NA,NA,NA,NA,NA,8,NA,NA
93,2014,12,28,2014-12-28,NA,NA,NA,NA,NA,6,NA,NA
94,2014,12,29,2014-12-29,NA,NA,NA,NA,NA,6,NA,NA
95,2014,12,30,2014-12-30,NA,NA,NA,NA,NA,5,NA,NA
96,2014,12,31,2014-12-31,NA,NA,NA,NA,NA,6,NA,NA
97,2015,1,1,2015-01-01,NA,NA,NA,NA,NA,3,NA,NA
98,2015,1,2,2015-01-02,NA,NA,NA,NA,NA,1,NA,NA
99,2015,1,3,2015-01-03,NA,NA,NA,NA,NA,0,NA,NA
100,2015,1,4,2015-01-04,NA,NA,NA,NA,NA,0,NA,NA
101,2015,1,5,2015-01-05,NA,NA,NA,NA,NA,2,NA,NA
102,2015,1,6,2015-01-06,NA,NA,NA,NA,NA,1,NA,NA
103,2015,1,7,2015-01-07,NA,NA,NA,NA,NA,6,NA,NA
104,2015,1,8,2015-01-08,NA,NA,NA,NA,NA,4,NA,NA
105,2015,1,9,2015-01-09,NA,NA,NA,NA,NA,6,NA,NA
106,2015,1,10,2015-01-10,NA,NA,NA,NA,NA,5,NA,NA
107,2015,1,11,2015-01-11,NA,NA,NA,NA,NA,3,NA,NA
108,2015,1,12,2015-01-12,NA,NA,NA,NA,NA,5,NA,NA
109,2015,1,13,2015-01-13,NA,NA,NA,NA,NA,5,NA,NA
110,2015,1,14,2015-01-14,NA,NA,NA,NA,NA,3,NA,NA
111,2015,1,15,2015-01-15,NA,NA,NA,NA,NA,2,NA,NA
112,2015,1,16,2015-01-16,NA,NA,NA,NA,NA,2,NA,NA
113,2015,1,17,2015-01-17,NA,NA,NA,NA,NA,11,NA,NA
114,2015,1,18,2015-01-18,NA,NA,NA,NA,NA,10,NA,NA
115,2015,1,19,2015-01-19,NA,NA,NA,NA,NA,19,NA,NA
116,2015,1,20,2015-01-20,NA,NA,NA,NA,NA,18,NA,NA
117,2015,1,21,2015-01-21,NA,NA,NA,NA,NA,18,NA,NA
118,2015,1,22,2015-01-22,NA,NA,NA,NA,NA,26,NA,NA
119,2015,1,23,2015-01-23,NA,NA,NA,NA,NA,26,NA,NA
120,2015,1,24,2015-01-24,NA,NA,NA,NA,NA,22,NA,NA
121,2015,1,25,2015-01-25,NA,NA,NA,NA,NA,22,NA,NA
122,2015,1,26,2015-01-26,NA,NA,NA,NA,NA,22,NA,NA
123,2015,1,27,2015-01-27,NA,NA,NA,NA,NA,22,NA,NA
124,2015,1,28,2015-01-28,NA,NA,NA,NA,NA,17,NA,NA
125,2015,1,29,2015-01-29,NA,NA,NA,NA,NA,17,NA,NA
126,2015,1,30,2015-01-30,NA,NA,NA,NA,NA,17,NA,NA
127,2015,1,31,2015-01-31,NA,NA,NA,NA,NA,16,NA,NA
128,2015,2,1,2015-02-01,NA,NA,NA,NA,NA,15,NA,NA
129,2015,2,2,2015-02-02,NA,NA,NA,NA,NA,15,NA,NA
130,2015,2,3,2015-02-03,NA,NA,NA,NA,NA,14,NA,NA
131,2015,2,4,2015-02-04,NA,NA,NA,NA,NA,14,NA,NA
132,2015,2,5,2015-02-05,NA,NA,NA,NA,NA,15,NA,NA
133,2015,2,6,2015-02-06,NA,NA,NA,NA,NA,14,NA,NA
134,2015,2,7,2015-02-07,NA,NA,NA,NA,NA,12,NA,NA
135,2015,2,8,2015-02-08,NA,NA,NA,NA,NA,16,NA,NA
136,2015,2,9,2015-02-09,NA,NA,NA,NA,NA,15,NA,NA
137,2015,2,10,2015-02-10,NA,NA,NA,NA,NA,14,NA,NA
138,2015,2,11,2015-02-11,NA,NA,NA,NA,NA,13,NA,NA
139,2015,2,12,2015-02-12,NA,NA,NA,NA,NA,15,NA,NA
140,2015,2,13,2015-02-13,NA,NA,NA,NA,NA,16,NA,NA
141,2015,2,14,2015-02-14,NA,NA,NA,NA,NA,13,NA,NA
142,2015,2,15,2015-02-15,NA,NA,NA,NA,NA,18,NA,NA
143,2015,2,16,2015-02-16,NA,NA,NA,NA,NA,15,NA,NA
144,2015,2,17,2015-02-17,NA,NA,NA,NA,NA,14,NA,NA
145,2015,2,18,2015-02-18,NA,NA,NA,NA,NA,13,NA,NA
146,2015,2,19,2015-02-19,NA,NA,NA,NA,NA,15,NA,NA
147,2015,2,20,2015-02-20,NA,NA,NA,NA,NA,13,NA,NA
148,2015,2,21,2015-02-21,NA,NA,NA,NA,NA,13,NA,NA
149,2015,2,22,2015-02-22,NA,NA,NA,NA,NA,14,NA,NA
150,2015,2,23,2015-02-23,NA,NA,NA,NA,NA,23,NA,NA
151,2015,2,24,2015-02-24,NA,NA,NA,NA,NA,40,NA,NA
152,2015,2,25,2015-02-25,NA,NA,NA,NA,NA,41,NA,NA
153,2015,2,26,2015-02-26,NA,NA,NA,NA,NA,42,NA,NA
154,2015,2,27,2015-02-27,NA,NA,NA,NA,NA,41,NA,NA
155,2015,2,28,2015-02-28,NA,NA,NA,NA,NA,41,NA,NA
156,2015,3,1,2015-03-01,NA,NA,NA,NA,NA,37,NA,NA
157,2015,3,2,2015-03-02,65,NA,2,NA,NA,38,NA,NA
158,2015,3,3,2015-03-03,65,NA,2,NA,NA,37,NA,NA
159,2015,3,4,2015-03-04,64,NA,2,NA,NA,35,NA,NA
160,2015,3,5,2015-03-05,64,NA,2,NA,NA,37,NA,NA
161,2015,3,6,2015-03-06,64,NA,3,NA,NA,37,NA,NA
162,2015,3,7,2015-03-07,64,NA,3,NA,NA,37,NA,NA
163,2015,3,8,2015-03-08,64,NA,3,NA,NA,35,NA,NA
164,2015,3,9,2015-03-09,65,NA,3,NA,NA,37,NA,NA
165,2015,3,10,2015-03-10,65,NA,3,NA,NA,38,NA,NA
166,2015,3,11,2015-03-11,65,NA,3,NA,NA,36,NA,90
167,2015,3,12,2015-03-12,65,NA,3,NA,NA,36,NA,90
168,2015,3,13,2015-03-13,65,NA,3,NA,NA,38,NA,90
169,2015,3,14,2015-03-14,66,NA,3,NA,NA,44,NA,93
170,2015,3,15,2015-03-15,60,NA,1,NA,NA,46,NA,NA
171,2015,3,16,2015-03-16,60,NA,1,NA,NA,40,NA,NA
172,2015,3,17,2015-03-17,60,NA,1,NA,NA,40,NA,NA
173,2015,3,18,2015-03-18,64,NA,1,NA,NA,39,NA,NA
174,2015,3,19,2015-03-19,64,NA,1,NA,NA,38,NA,NA
175,2015,3,20,2015-03-20,64,NA,1,NA,NA,38,NA,NA
176,2015,3,21,2015-03-21,65,NA,1,NA,NA,39,NA,NA
177,2015,3,22,2015-03-22,64,NA,1,NA,NA,39,NA,NA
178,2015,3,23,2015-03-23,64,NA,1,NA,NA,39,NA,NA
179,2015,3,24,2015-03-24,64,NA,1,NA,NA,39,NA,NA
180,2015,3,25,2015-03-25,64,NA,1,NA,NA,39,NA,NA
181,2015,3,26,2015-03-26,64,NA,1,NA,NA,39,NA,NA
182,2015,3,27,2015-03-27,63,NA,1,NA,NA,41,NA,NA
183,2015,3,28,2015-03-28,63,NA,1,NA,NA,43,NA,NA
184,2015,3,29,2015-03-29,62,NA,0,NA,NA,39,NA,NA
185,2015,3,30,2015-03-30,61,NA,0,NA,NA,38,NA,NA
186,2015,3,31,2015-03-31,61,NA,1,NA,NA,39,NA,NA
187,2015,4,1,2015-04-01,65,NA,2,NA,NA,38,NA,NA
188,2015,4,2,2015-04-02,64,NA,1,NA,NA,36,NA,NA
189,2015,4,3,2015-04-03,63,NA,1,NA,NA,36,NA,NA
190,2015,4,4,2015-04-04,64,NA,1,NA,NA,36,NA,NA
191,2015,4,5,2015-04-05,64,NA,1,NA,NA,36,NA,NA
192,2015,4,6,2015-04-06,64,NA,1,NA,NA,36,NA,NA
193,2015,4,7,2015-04-07,64,NA,1,NA,NA,38,NA,NA
194,2015,4,8,2015-04-08,63,NA,0,NA,NA,40,NA,NA
195,2015,4,9,2015-04-09,62,NA,0,NA,NA,40,NA,NA
196,2015,4,10,2015-04-10,61,NA,0,NA,NA,41,NA,0
197,2015,4,11,2015-04-11,58,NA,0,NA,NA,39,NA,NA
198,2015,4,12,2015-04-12,55,NA,0,NA,NA,38,NA,NA
199,2015,4,13,2015-04-13,54,NA,0,NA,NA,33,NA,NA
200,2015,4,14,2015-04-14,54,NA,0,NA,NA,32,NA,NA
201,2015,4,15,2015-04-15,54,NA,0,NA,NA,34,NA,90
202,2015,4,16,2015-04-16,55,NA,0,NA,NA,35,NA,93
203,2015,4,17,2015-04-17,54,NA,0,NA,NA,34,NA,NA
204,2015,4,18,2015-04-18,54,NA,0,NA,NA,36,NA,93
205,2015,4,19,2015-04-19,55,NA,0,NA,NA,39,NA,NA
206,2015,4,20,2015-04-20,55,NA,0,NA,NA,38,NA,NA
207,2015,4,21,2015-04-21,55,NA,0,NA,NA,36,NA,NA
208,2015,4,22,2015-04-22,56,NA,0,NA,NA,35,NA,NA
209,2015,4,23,2015-04-23,56,NA,0,NA,NA,34,NA,NA
210,2015,4,24,2015-04-24,56,NA,1,NA,NA,34,NA,NA
211,2015,4,25,2015-04-25,56,NA,0,NA,NA,36,NA,NA
212,2015,4,26,2015-04-26,55,NA,0,NA,NA,36,NA,NA
213,2015,4,27,2015-04-27,55,NA,0,NA,NA,37,NA,NA
214,2015,4,28,2015-04-28,60,NA,0,NA,NA,39,NA,NA
215,2015,4,29,2015-04-29,59,NA,0,NA,NA,37,NA,NA
216,2015,4,30,2015-04-30,53,NA,0,NA,NA,35,NA,NA
217,2015,5,1,2015-05-01,NA,NA,0,NA,NA,32,NA,NA
218,2015,5,2,2015-05-02,NA,NA,0,NA,NA,27,NA,NA
219,2015,5,3,2015-05-03,NA,NA,1,NA,NA,23,NA,NA
220,2015,5,4,2015-05-04,NA,NA,1,NA,NA,22,NA,NA
221,2015,5,5,2015-05-05,NA,NA,0,NA,NA,22,NA,NA
222,2015,5,6,2015-05-06,NA,NA,0,NA,NA,21,NA,76
223,2015,5,7,2015-05-07,NA,NA,0,NA,NA,22,NA,85
224,2015,5,8,2015-05-08,54,NA,1,NA,NA,27,NA,NA
225,2015,5,9,2015-05-09,NA,NA,0,NA,NA,24,NA,NA
226,2015,5,10,2015-05-10,NA,NA,0,NA,NA,24,NA,NA
227,2015,5,11,2015-05-11,NA,NA,0,NA,NA,24,NA,NA
228,2015,5,12,2015-05-12,NA,NA,0,NA,NA,20,NA,99
229,2015,5,13,2015-05-13,NA,NA,0,NA,NA,19,NA,NA
230,2015,5,14,2015-05-14,NA,NA,0,NA,NA,12,NA,85
231,2015,5,15,2015-05-15,NA,NA,0,NA,NA,9,NA,NA
232,2015,5,16,2015-05-16,NA,NA,0,NA,NA,3,NA,63
233,2015,5,17,2015-05-17,NA,NA,0,NA,NA,3,NA,65
234,2015,5,18,2015-05-18,NA,NA,0,NA,NA,0,NA,61
235,2015,5,19,2015-05-19,NA,NA,0,NA,NA,0,NA,56
236,2015,5,20,2015-05-20,0,NA,0,NA,NA,0,NA,52
237,2015,5,21,2015-05-21,0,NA,0,NA,NA,0,NA,49
238,2015,5,22,2015-05-22,0,NA,0,NA,NA,0,NA,NA
239,2015,5,23,2015-05-23,0,NA,0,NA,NA,0,NA,NA
240,2015,5,24,2015-05-24,0,NA,0,NA,NA,0,NA,NA
241,2015,5,25,2015-05-25,0,NA,0,NA,NA,0,NA,NA
242,2015,5,26,2015-05-26,0,NA,0,NA,NA,0,NA,NA
243,2015,5,27,2015-05-27,0,NA,0,NA,NA,0,NA,NA
244,2015,5,28,2015-05-28,0,NA,0,NA,NA,0,NA,10
245,2015,5,29,2015-05-29,0,NA,0,NA,NA,0,NA,10
246,2015,5,30,2015-05-30,0,NA,0,NA,NA,0,NA,8
247,2015,5,31,2015-05-31,0,NA,0,NA,NA,0,NA,NA
248,2015,6,1,2015-06-01,0,NA,0,NA,NA,0,NA,NA
249,2015,6,2,2015-06-02,0,NA,0,NA,NA,0,NA,10
250,2015,6,3,2015-06-03,0,NA,0,NA,NA,0,NA,8
251,2015,6,4,2015-06-04,0,NA,0,NA,NA,0,NA,NA
252,2015,6,5,2015-06-05,0,NA,0,NA,NA,0,NA,NA
253,2015,6,6,2015-06-06,0,NA,0,NA,NA,0,NA,NA
254,2015,6,7,2015-06-07,0,NA,0,NA,NA,0,NA,NA
255,2015,6,8,2015-06-08,0,NA,0,NA,NA,0,NA,8
256,2015,6,9,2015-06-09,0,NA,0,NA,NA,0,NA,8
257,2015,6,10,2015-06-10,0,NA,0,NA,NA,0,NA,10
258,2015,6,11,2015-06-11,0,NA,0,NA,NA,0,NA,10
259,2015,6,12,2015-06-12,0,NA,0,NA,NA,0,NA,10
260,2015,6,13,2015-06-13,0,NA,0,NA,NA,0,0,0
261,2015,6,14,2015-06-14,0,NA,0,NA,NA,0,0,0
262,2015,6,15,2015-06-15,0,0,0,NA,NA,0,0,0
263,2015,6,16,2015-06-16,0,0,0,NA,NA,15,0,0
264,2015,6,17,2015-06-17,0,0,0,NA,NA,0,0,0
265,2015,6,18,2015-06-18,0,0,0,NA,NA,0,0,0
266,2015,6,19,2015-06-19,0,0,0,NA,NA,0,0,0
267,2015,6,20,2015-06-20,0,0,0,NA,NA,0,0,0
268,2015,6,21,2015-06-21,0,0,0,NA,NA,0,0,0
269,2015,6,22,2015-06-22,0,0,0,NA,NA,0,0,0
270,2015,6,23,2015-06-23,0,0,0,NA,NA,0,0,0
271,2015,6,24,2015-06-24,0,0,0,NA,NA,0,0,0
272,2015,6,25,2015-06-25,0,0,0,NA,NA,0,0,0
273,2015,6,26,2015-06-26,0,0,0,NA,NA,0,0,0
274,2015,6,27,2015-06-27,0,0,0,NA,NA,0,0,0
275,2015,6,28,2015-06-28,0,0,0,NA,NA,0,0,0
276,2015,6,29,2015-06-29,0,0,0,NA,NA,0,0,0
277,2015,6,30,2015-06-30,0,0,0,NA,NA,0,0,0
278,2015,7,1,2015-07-01,0,0,0,NA,NA,0,0,0
279,2015,7,2,2015-07-02,0,0,0,NA,NA,0,0,0
280,2015,7,3,2015-07-03,0,0,0,NA,NA,0,0,0
281,2015,7,4,2015-07-04,0,0,0,NA,NA,0,0,0
282,2015,7,5,2015-07-05,0,0,0,NA,NA,0,0,0
283,2015,7,6,2015-07-06,0,0,0,NA,NA,0,0,0
284,2015,7,7,2015-07-07,0,0,0,NA,NA,0,0,0
285,2015,7,8,2015-07-08,0,0,0,NA,NA,0,0,0
286,2015,7,9,2015-07-09,0,0,0,NA,NA,0,0,0
287,2015,7,10,2015-07-10,0,0,0,NA,NA,0,0,0
288,2015,7,11,2015-07-11,0,0,0,NA,NA,0,0,0
289,2015,7,12,2015-07-12,0,0,0,NA,NA,0,0,0
290,2015,7,13,2015-07-13,0,0,0,NA,NA,0,0,0
291,2015,7,14,2015-07-14,0,0,0,NA,NA,0,0,0
292,2015,7,15,2015-07-15,0,0,0,NA,NA,0,0,0
293,2015,7,16,2015-07-16,0,0,0,NA,NA,0,0,0
294,2015,7,17,2015-07-17,0,0,0,NA,NA,0,0,0
295,2015,7,18,2015-07-18,0,0,0,NA,NA,0,0,0
296,2015,7,19,2015-07-19,0,0,0,NA,NA,0,0,0
297,2015,7,20,2015-07-20,0,0,0,NA,NA,0,0,0
298,2015,7,21,2015-07-21,0,0,0,NA,NA,0,0,0
299,2015,7,22,2015-07-22,0,0,0,NA,NA,0,0,0
300,2015,7,23,2015-07-23,0,0,0,NA,NA,0,0,0
301,2015,7,24,2015-07-24,0,0,0,NA,NA,0,0,0
302,2015,7,25,2015-07-25,0,0,0,NA,NA,0,0,0
303,2015,7,26,2015-07-26,0,0,0,NA,NA,0,0,0
304,2015,7,27,2015-07-27,0,0,0,NA,NA,0,0,0
305,2015,7,28,2015-07-28,0,0,0,NA,NA,0,0,0
306,2015,7,29,2015-07-29,0,0,0,NA,NA,0,0,0
307,2015,7,30,2015-07-30,0,0,0,NA,NA,0,0,0
308,2015,7,31,2015-07-31,0,0,0,NA,NA,0,0,0
309,2015,8,1,2015-08-01,0,0,0,NA,NA,0,0,0
310,2015,8,2,2015-08-02,0,0,0,NA,NA,0,0,0
311,2015,8,3,2015-08-03,0,0,0,NA,NA,0,0,0
312,2015,8,4,2015-08-04,0,0,0,NA,NA,0,0,0
313,2015,8,5,2015-08-05,0,0,0,NA,NA,0,0,0
314,2015,8,6,2015-08-06,0,0,0,NA,NA,0,0,0
315,2015,8,7,2015-08-07,0,0,0,NA,NA,0,0,0
316,2015,8,8,2015-08-08,0,0,0,NA,NA,0,0,0
317,2015,8,9,2015-08-09,0,0,0,NA,NA,0,0,0
318,2015,8,10,2015-08-10,0,0,0,NA,NA,0,0,0
319,2015,8,11,2015-08-11,0,0,0,NA,NA,0,0,0
320,2015,8,12,2015-08-12,0,0,0,NA,NA,0,0,0
321,2015,8,13,2015-08-13,0,0,0,NA,NA,0,0,0
322,2015,8,14,2015-08-14,0,0,0,NA,NA,0,0,0
323,2015,8,15,2015-08-15,0,0,0,NA,NA,0,0,0
324,2015,8,16,2015-08-16,0,0,0,NA,NA,0,0,0
325,2015,8,17,2015-08-17,0,0,0,NA,NA,0,0,0
326,2015,8,18,2015-08-18,0,0,0,NA,NA,0,0,0
327,2015,8,19,2015-08-19,0,0,0,NA,NA,0,0,0
328,2015,8,20,2015-08-20,0,0,0,NA,NA,0,0,0
329,2015,8,21,2015-08-21,0,0,0,NA,NA,0,0,0
330,2015,8,22,2015-08-22,0,0,0,NA,NA,0,0,0
331,2015,8,23,2015-08-23,0,0,0,NA,NA,0,0,0
332,2015,8,24,2015-08-24,0,0,0,NA,NA,0,0,0
333,2015,8,25,2015-08-25,0,0,0,NA,NA,0,0,0
334,2015,8,26,2015-08-26,0,0,0,NA,NA,0,0,0
335,2015,8,27,2015-08-27,0,0,0,NA,NA,0,0,0
336,2015,8,28,2015-08-28,0,0,0,NA,NA,0,0,0
337,2015,8,29,2015-08-29,0,0,0,NA,NA,0,0,0
338,2015,8,30,2015-08-30,0,0,0,NA,NA,0,0,0
339,2015,8,31,2015-08-31,0,0,0,NA,NA,0,0,0
340,2015,9,1,2015-09-01,0,0,0,NA,NA,0,0,0
341,2015,9,2,2015-09-02,0,0,0,NA,NA,0,0,0
342,2015,9,3,2015-09-03,0,0,0,NA,NA,0,0,0
343,2015,9,4,2015-09-04,0,0,0,NA,NA,0,0,0
344,2015,9,5,2015-09-05,0,0,0,NA,NA,0,0,0
345,2015,9,6,2015-09-06,0,0,0,NA,NA,0,0,0
346,2015,9,7,2015-09-07,0,0,0,NA,NA,0,0,0
347,2015,9,8,2015-09-08,0,0,0,NA,NA,0,0,0
348,2015,9,9,2015-09-09,0,0,0,NA,NA,0,0,0
349,2015,9,10,2015-09-10,0,0,0,NA,NA,0,0,0
350,2015,9,11,2015-09-11,0,0,0,NA,NA,0,0,0
351,2015,9,12,2015-09-12,0,0,0,NA,NA,0,0,0
352,2015,9,13,2015-09-13,0,0,0,NA,NA,0,0,0
353,2015,9,14,2015-09-14,0,0,0,NA,NA,0,0,0
354,2015,9,15,2015-09-15,0,0,0,NA,NA,0,0,0
355,2015,9,16,2015-09-16,0,0,0,NA,NA,0,0,0
356,2015,9,17,2015-09-17,0,0,0,NA,NA,0,0,0
357,2015,9,18,2015-09-18,0,0,0,NA,NA,0,0,0
358,2015,9,19,2015-09-19,0,0,0,NA,NA,0,0,0
359,2015,9,20,2015-09-20,0,0,0,NA,NA,0,0,0
360,2015,9,21,2015-09-21,0,0,0,NA,NA,0,0,0
361,2015,9,22,2015-09-22,0,0,0,NA,NA,0,0,0
362,2015,9,23,2015-09-23,0,0,0,NA,NA,0,0,0
363,2015,9,24,2015-09-24,0,0,0,NA,NA,0,0,0
364,2015,9,25,2015-09-25,0,0,0,NA,NA,0,0,0
365,2015,9,26,2015-09-26,0,0,0,NA,NA,0,0,0
366,2015,9,27,2015-09-27,0,0,0,NA,NA,0,0,0
367,2015,9,28,2015-09-28,0,0,0,NA,NA,0,0,0
368,2015,9,29,2015-09-29,0,0,0,NA,NA,0,0,0
369,2015,9,30,2015-09-30,0,0,0,NA,NA,0,0,0
370,2015,10,1,2015-10-01,0,0,0,NA,NA,0,0,0
371,2015,10,2,2015-10-02,0,0,0,NA,NA,0,0,0
372,2015,10,3,2015-10-03,0,0,0,NA,NA,0,0,0
373,2015,10,4,2015-10-04,0,0,0,NA,NA,0,0,0
374,2015,10,5,2015-10-05,0,0,0,NA,NA,0,0,0
375,2015,10,6,2015-10-06,0,0,0,NA,NA,0,0,0
376,2015,10,7,2015-10-07,0,0,0,NA,NA,0,0,0
377,2015,10,8,2015-10-08,0,0,0,NA,NA,0,0,0
378,2015,10,9,2015-10-09,0,0,0,NA,NA,0,0,0
379,2015,10,10,2015-10-10,5,0,0,NA,NA,14,0,0
380,2015,10,11,2015-10-11,5,5,5,NA,NA,17,0,0
381,2015,10,12,2015-10-12,5,0,5,NA,NA,0,0,0
382,2015,10,13,2015-10-13,5,1,5,NA,NA,0,0,0
383,2015,10,14,2015-10-14,5,0,0,NA,NA,14,2,2
384,2015,10,15,2015-10-15,5,1,5,NA,NA,13,NA,NA
385,2015,10,16,2015-10-16,5,5,5,NA,NA,14,NA,NA
386,2015,10,17,2015-10-17,5,1,0,NA,NA,0,2,2
387,2015,10,18,2015-10-18,5,0,0,NA,NA,0,0,0
388,2015,10,19,2015-10-19,5,0,0,NA,NA,0,0,0
389,2015,10,20,2015-10-20,5,0,0,NA,NA,0,0,0
390,2015,10,21,2015-10-21,5,0,0,NA,NA,0,0,0
391,2015,10,22,2015-10-22,5,0,0,NA,NA,0,0,0
392,2015,10,23,2015-10-23,5,0,0,NA,NA,0,0,0
393,2015,10,24,2015-10-24,5,1,5,NA,NA,13,1,1
394,2015,10,25,2015-10-25,5,1,5,NA,NA,14,1,1
395,2015,10,26,2015-10-26,5,1,0,NA,NA,14,0,0
396,2015,10,27,2015-10-27,5,0,0,NA,NA,0,0,0
397,2015,10,28,2015-10-28,5,0,0,NA,NA,13,0,0
398,2015,10,29,2015-10-29,5,0,0,NA,NA,14,NA,NA
399,2015,10,30,2015-10-30,5,5,5,NA,NA,12,NA,NA
400,2015,10,31,2015-10-31,5,5,5,NA,NA,13,4,2
401,2015,11,1,2015-11-01,10,5,5,NA,NA,13,3,2
402,2015,11,2,2015-11-02,10,5,5,NA,NA,14,3,2
403,2015,11,3,2015-11-03,10,5,5,NA,NA,14,3,2
404,2015,11,4,2015-11-04,10,5,5,NA,NA,14,2,0
405,2015,11,5,2015-11-05,10,5,5,NA,NA,14,2,0
406,2015,11,6,2015-11-06,10,5,5,NA,NA,14,NA,0
407,2015,11,7,2015-11-07,10,5,5,NA,NA,15,2,0
408,2015,11,8,2015-11-08,10,5,5,NA,NA,15,3,0
409,2015,11,9,2015-11-09,15,5,5,NA,NA,16,NA,NA
410,2015,11,10,2015-11-10,15,5,5,NA,NA,17,2,0
411,2015,11,11,2015-11-11,15,5,5,NA,NA,16,NA,NA
412,2015,11,12,2015-11-12,15,5,5,NA,NA,16,2,NA
413,2015,11,13,2015-11-13,15,5,5,NA,NA,16,2,0
414,2015,11,14,2015-11-14,15,5,5,NA,NA,16,3,4
415,2015,11,15,2015-11-15,15,10,5,NA,NA,19,6,8
416,2015,11,16,2015-11-16,15,10,5,NA,NA,20,5,8
417,2015,11,17,2015-11-17,15,10,5,NA,NA,19,2,5
418,2015,11,18,2015-11-18,15,10,5,NA,NA,19,2,3
419,2015,11,19,2015-11-19,15,10,5,NA,NA,19,NA,NA
420,2015,11,20,2015-11-20,15,10,5,NA,NA,20,NA,NA
421,2015,11,21,2015-11-21,15,10,5,NA,NA,21,NA,NA
422,2015,11,22,2015-11-22,15,10,5,NA,NA,21,NA,NA
423,2015,11,23,2015-11-23,15,10,5,NA,NA,21,NA,NA
424,2015,11,24,2015-11-24,15,10,5,NA,NA,21,NA,NA
425,2015,11,25,2015-11-25,15,10,5,NA,NA,21,NA,NA
426,2015,11,26,2015-11-26,15,10,5,NA,NA,20,NA,NA
427,2015,11,27,2015-11-27,15,10,5,NA,NA,21,NA,NA
428,2015,11,28,2015-11-28,20,10,5,NA,NA,22,NA,NA
429,2015,11,29,2015-11-29,20,10,5,NA,NA,29,NA,NA
430,2015,11,30,2015-11-30,20,10,5,NA,NA,27,18,27
431,2015,12,1,2015-12-01,25,10,5,NA,NA,26,18,27
432,2015,12,2,2015-12-02,25,10,5,NA,NA,25,NA,NA
433,2015,12,3,2015-12-03,25,10,5,NA,NA,25,15,25
434,2015,12,4,2015-12-04,25,10,5,NA,NA,24,15,25
435,2015,12,5,2015-12-05,25,NA,NA,NA,NA,24,17,27
436,2015,12,6,2015-12-06,30,NA,NA,NA,NA,30,NA,NA
437,2015,12,7,2015-12-07,30,NA,NA,NA,NA,29,16,27
438,2015,12,8,2015-12-08,30,NA,NA,NA,NA,29,18,28
439,2015,12,9,2015-12-09,30,NA,NA,NA,NA,29,17,28
440,2015,12,10,2015-12-10,30,NA,NA,NA,NA,29,NA,NA
441,2015,12,11,2015-12-11,30,NA,NA,NA,NA,30,NA,NA
442,2015,12,12,2015-12-12,30,NA,NA,NA,NA,31,NA,NA
443,2015,12,13,2015-12-13,30,NA,NA,NA,NA,29,NA,NA
444,2015,12,14,2015-12-14,30,NA,NA,NA,NA,29,NA,NA
445,2015,12,15,2015-12-15,30,NA,NA,NA,NA,29,NA,NA
446,2015,12,16,2015-12-16,30,NA,NA,NA,NA,30,18,27
447,2015,12,17,2015-12-17,30,NA,NA,NA,NA,30,18,27
448,2015,12,18,2015-12-18,30,NA,NA,NA,NA,29,NA,NA
449,2015,12,19,2015-12-19,30,10,NA,NA,NA,30,NA,NA
450,2015,12,20,2015-12-20,30,10,NA,NA,NA,31,NA,NA
451,2015,12,21,2015-12-21,30,10,NA,NA,NA,31,NA,NA
452,2015,12,22,2015-12-22,30,10,NA,NA,NA,30,20,35
453,2015,12,23,2015-12-23,30,10,NA,NA,NA,30,20,35
454,2015,12,24,2015-12-24,30,10,NA,NA,NA,30,NA,NA
455,2015,12,25,2015-12-25,30,10,NA,NA,NA,31,NA,NA
456,2015,12,26,2015-12-26,30,10,NA,NA,NA,31,NA,NA
457,2015,12,27,2015-12-27,30,10,NA,NA,NA,31,NA,NA
458,2015,12,28,2015-12-28,30,10,NA,NA,NA,31,NA,NA
459,2015,12,29,2015-12-29,30,10,NA,NA,NA,31,NA,NA
460,2015,12,30,2015-12-30,30,10,NA,NA,NA,31,NA,NA
461,2015,12,31,2015-12-31,30,10,NA,NA,NA,31,NA,NA
462,2016,1,1,2016-01-01,35,10,NA,NA,NA,31,NA,NA
463,2016,1,2,2016-01-02,35,10,NA,NA,NA,32,NA,NA
464,2016,1,3,2016-01-03,35,10,NA,NA,NA,32,NA,NA
465,2016,1,4,2016-01-04,35,10,NA,NA,NA,32,NA,NA
466,2016,1,5,2016-01-05,35,10,NA,NA,NA,32,NA,NA
467,2016,1,6,2016-01-06,35,10,NA,NA,NA,31,NA,NA
468,2016,1,7,2016-01-07,35,10,NA,NA,NA,31,NA,NA
469,2016,1,8,2016-01-08,35,10,NA,NA,NA,31,NA,NA
470,2016,1,9,2016-01-09,35,10,NA,NA,NA,31,NA,NA
471,2016,1,10,2016-01-10,35,10,NA,NA,NA,31,NA,NA
472,2016,1,11,2016-01-11,35,10,NA,NA,NA,32,NA,NA
473,2016,1,12,2016-01-12,35,10,NA,NA,NA,32,20,27
474,2016,1,13,2016-01-13,35,10,NA,NA,NA,32,20,27
475,2016,1,14,2016-01-14,40,15,NA,NA,NA,32,23,30
476,2016,1,15,2016-01-15,40,15,NA,NA,NA,33,23,30
477,2016,1,16,2016-01-16,40,15,NA,NA,NA,33,23,30
478,2016,1,17,2016-01-17,40,15,NA,NA,NA,33,23,30
479,2016,1,18,2016-01-18,40,15,NA,NA,NA,32,23,30
480,2016,1,19,2016-01-19,40,15,NA,NA,NA,33,23,30
481,2016,1,20,2016-01-20,40,15,NA,NA,NA,33,23,30
482,2016,1,21,2016-01-21,40,20,NA,NA,NA,34,23,30
483,2016,1,22,2016-01-22,40,20,NA,NA,NA,33,23,30
484,2016,1,23,2016-01-23,40,20,NA,NA,NA,35,24,33
485,2016,1,24,2016-01-24,40,20,NA,NA,NA,36,24,33
486,2016,1,25,2016-01-25,40,20,NA,NA,NA,37,NA,NA
487,2016,1,26,2016-01-26,40,20,NA,NA,NA,40,NA,NA
488,2016,1,27,2016-01-27,40,20,NA,NA,NA,40,NA,NA
489,2016,1,28,2016-01-28,40,20,NA,NA,NA,39,NA,NA
490,2016,1,29,2016-01-29,40,20,NA,NA,NA,40,NA,NA
491,2016,1,30,2016-01-30,45,NA,NA,NA,NA,44,NA,NA
492,2016,1,31,2016-01-31,45,NA,NA,NA,NA,46,27,60
493,2016,2,1,2016-02-01,45,NA,NA,NA,NA,46,27,60
494,2016,2,2,2016-02-02,45,NA,NA,NA,NA,45,27,60
495,2016,2,3,2016-02-03,45,NA,NA,NA,NA,45,27,60
496,2016,2,4,2016-02-04,NA,NA,NA,NA,NA,45,27,58
497,2016,2,5,2016-02-05,NA,NA,NA,NA,NA,44,27,60
498,2016,2,6,2016-02-06,NA,40,NA,NA,NA,44,27,60
499,2016,2,7,2016-02-07,NA,40,NA,NA,NA,44,26,58
500,2016,2,8,2016-02-08,NA,40,NA,NA,NA,44,NA,58
501,2016,2,9,2016-02-09,NA,40,NA,NA,NA,44,NA,NA
502,2016,2,10,2016-02-10,NA,40,NA,NA,NA,44,NA,NA
503,2016,2,11,2016-02-11,NA,60,NA,NA,NA,44,NA,NA
504,2016,2,12,2016-02-12,NA,100,NA,NA,NA,45,NA,NA
505,2016,2,13,2016-02-13,NA,100,NA,NA,NA,44,28,62
506,2016,2,14,2016-02-14,NA,100,NA,NA,NA,44,29,62
507,2016,2,15,2016-02-15,NA,100,NA,NA,NA,47,33,68
508,2016,2,16,2016-02-16,NA,120,NA,NA,NA,50,NA,NA
509,2016,2,17,2016-02-17,50,120,NA,NA,NA,49,NA,NA
510,2016,2,18,2016-02-18,50,120,NA,NA,NA,48,NA,NA
511,2016,2,19,2016-02-19,50,120,NA,NA,NA,49,30,67
512,2016,2,20,2016-02-20,50,125,NA,NA,NA,52,NA,NA
513,2016,2,21,2016-02-21,50,125,NA,NA,NA,51,NA,NA
514,2016,2,22,2016-02-22,50,125,NA,NA,NA,50,30,67
515,2016,2,23,2016-02-23,50,125,NA,NA,NA,50,30,67
516,2016,2,24,2016-02-24,50,125,NA,NA,NA,50,30,67
517,2016,2,25,2016-02-25,40,125,10,NA,NA,50,30,67
518,2016,2,26,2016-02-26,40,130,10,5,NA,50,33,69
519,2016,2,27,2016-02-27,45,130,10,5,NA,51,NA,NA
520,2016,2,28,2016-02-28,45,130,10,5,NA,50,NA,NA
521,2016,2,29,2016-02-29,45,130,10,5,NA,50,NA,NA
522,2016,3,1,2016-03-01,45,130,10,5,NA,50,NA,NA
523,2016,3,2,2016-03-02,45,130,10,5,NA,49,NA,NA
524,2016,3,3,2016-03-03,45,130,10,5,NA,49,33,65
525,2016,3,4,2016-03-04,45,130,10,5,NA,49,33,65
526,2016,3,5,2016-03-05,50,130,10,5,NA,49,33,65
527,2016,3,6,2016-03-06,50,130,10,5,NA,52,NA,NA
528,2016,3,7,2016-03-07,50,140,10,5,NA,NA,NA,NA
529,2016,3,8,2016-03-08,50,140,10,5,NA,NA,36,70
530,2016,3,9,2016-03-09,50,140,10,5,NA,53,38,73
531,2016,3,10,2016-03-10,50,140,10,5,NA,55,36,73
532,2016,3,11,2016-03-11,50,135,10,5,NA,57,43,88
533,2016,3,12,2016-03-12,50,135,10,5,NA,63,NA,NA
534,2016,3,13,2016-03-13,50,135,10,5,NA,62,NA,NA
535,2016,3,14,2016-03-14,60,135,10,5,NA,61,NA,NA
536,2016,3,15,2016-03-15,60,135,10,5,NA,62,NA,NA
537,2016,3,16,2016-03-16,60,135,15,5,NA,62,NA,NA
538,2016,3,17,2016-03-17,60,135,15,5,NA,61,NA,NA
539,2016,3,18,2016-03-18,60,135,15,5,NA,61,NA,NA
540,2016,3,19,2016-03-19,60,135,15,5,NA,60,NA,NA
541,2016,3,20,2016-03-20,60,145,15,5,NA,60,NA,NA
542,2016,3,21,2016-03-21,60,160,15,5,NA,60,NA,NA
543,2016,3,22,2016-03-22,60,155,15,5,NA,59,NA,NA
544,2016,3,23,2016-03-23,60,150,15,5,NA,59,NA,NA
545,2016,3,24,2016-03-24,60,150,15,5,NA,59,NA,NA
546,2016,3,25,2016-03-25,60,150,15,5,NA,59,NA,NA
547,2016,3,26,2016-03-26,60,150,15,5,NA,59,NA,NA
548,2016,3,27,2016-03-27,60,150,15,5,NA,59,NA,NA
549,2016,3,28,2016-03-28,60,150,15,5,NA,59,NA,NA
550,2016,3,29,2016-03-29,55,150,10,5,NA,58,NA,NA
551,2016,3,30,2016-03-30,55,150,10,5,NA,60,NA,NA
552,2016,3,31,2016-03-31,55,150,10,5,NA,59,NA,NA
553,2016,4,1,2016-04-01,55,150,10,5,NA,59,NA,NA
554,2016,4,2,2016-04-02,55,150,10,5,NA,59,40,90
555,2016,4,3,2016-04-03,55,150,10,5,NA,59,40,90
556,2016,4,4,2016-04-04,55,150,10,5,NA,59,40,90
557,2016,4,5,2016-04-05,55,150,10,5,NA,59,40,90
558,2016,4,6,2016-04-06,55,150,10,5,NA,59,40,90
559,2016,4,7,2016-04-07,55,150,10,5,NA,59,40,90
560,2016,4,8,2016-04-08,55,150,10,5,NA,59,40,90
561,2016,4,9,2016-04-09,55,150,10,5,NA,58,40,90
562,2016,4,10,2016-04-10,55,150,10,5,NA,58,40,90
563,2016,4,11,2016-04-11,55,150,10,5,NA,58,40,90
564,2016,4,12,2016-04-12,55,150,10,5,NA,58,40,90
565,2016,4,13,2016-04-13,55,150,10,5,NA,58,40,90
566,2016,4,14,2016-04-14,55,150,10,5,NA,58,40,90
567,2016,4,15,2016-04-15,55,155,10,5,NA,59,40,90
568,2016,4,16,2016-04-16,55,150,10,5,NA,60,40,90
569,2016,4,17,2016-04-17,55,150,10,5,NA,60,40,90
570,2016,4,18,2016-04-18,55,145,5,5,NA,60,35,80
571,2016,4,19,2016-04-19,55,145,5,3,NA,60,NA,NA
572,2016,4,20,2016-04-20,55,145,5,3,NA,55,NA,NA
573,2016,4,21,2016-04-21,55,140,5,2,NA,54,NA,NA
574,2016,4,22,2016-04-22,55,140,5,2,NA,54,NA,NA
575,2016,4,23,2016-04-23,55,140,5,1,NA,54,NA,NA
576,2016,4,24,2016-04-24,55,140,5,1,NA,54,NA,NA
577,2016,4,25,2016-04-25,55,140,5,1,NA,54,NA,NA
578,2016,4,26,2016-04-26,55,140,5,1,NA,54,NA,NA
579,2016,4,27,2016-04-27,55,140,5,1,NA,53,NA,NA
580,2016,4,28,2016-04-28,45,140,5,1,NA,54,NA,NA
581,2016,4,29,2016-04-29,45,140,5,1,NA,53,20,70
582,2016,4,30,2016-04-30,40,140,5,1,NA,53,20,70
583,2016,5,1,2016-05-01,35,140,5,1,NA,52,10,60
584,2016,5,2,2016-05-02,30,130,5,1,NA,47,NA,NA
585,2016,5,3,2016-05-03,20,130,5,1,NA,40,NA,NA
586,2016,5,4,2016-05-04,20,125,5,0,0,39,0,45
587,2016,5,5,2016-05-05,20,125,5,0,0,37,0,35
588,2016,5,6,2016-05-06,15,130,5,0,0,37,10,45
589,2016,5,7,2016-05-07,15,125,5,2,0,47,10,45
590,2016,5,8,2016-05-08,15,125,5,0,0,43,0,40
591,2016,5,9,2016-05-09,15,120,5,0,0,40,0,30
592,2016,5,10,2016-05-10,10,115,5,0,0,34,0,10
593,2016,5,11,2016-05-11,10,115,5,0,0,30,0,0
594,2016,5,12,2016-05-12,10,115,5,0,0,30,5,5
595,2016,5,13,2016-05-13,10,115,5,0,0,30,0,0
596,2016,5,14,2016-05-14,0,115,5,0,0,30,5,5
597,2016,5,15,2016-05-15,0,115,5,0,0,30,0,0
598,2016,5,16,2016-05-16,0,110,5,0,0,30,0,0
599,2016,5,17,2016-05-17,0,110,0,0,0,26,0,0
600,2016,5,18,2016-05-18,0,110,0,0,0,25,0,0
601,2016,5,19,2016-05-19,5,110,0,0,0,19,0,0
602,2016,5,20,2016-05-20,10,110,0,1,0,18,0,0
603,2016,5,21,2016-05-21,0,105,0,0,0,14,0,0
604,2016,5,22,2016-05-22,0,110,0,0,0,14,0,0
605,2016,5,23,2016-05-23,0,110,0,0,0,12,0,0
606,2016,5,24,2016-05-24,0,110,0,0,0,13,0,0
607,2016,5,25,2016-05-25,0,110,0,0,0,13,0,0
608,2016,5,26,2016-05-26,0,110,0,0,0,13,0,0
609,2016,5,27,2016-05-27,0,110,0,0,0,13,0,0
610,2016,5,28,2016-05-28,0,110,0,0,0,12,0,0
611,2016,5,29,2016-05-29,0,105,0,0,0,12,0,0
612,2016,5,30,2016-05-30,0,100,0,0,0,12,0,0
613,2016,5,31,2016-05-31,0,90,0,0,0,12,0,0
614,2016,6,1,2016-06-01,0,80,0,0,0,14,0,0
615,2016,6,2,2016-06-02,0,70,0,0,0,14,0,0
616,2016,6,3,2016-06-03,0,50,0,0,0,14,0,0
617,2016,6,4,2016-06-04,0,30,0,0,0,14,0,0
618,2016,6,5,2016-06-05,0,NA,0,0,0,14,0,0
619,2016,6,6,2016-06-06,0,NA,0,0,0,13,0,0
620,2016,6,7,2016-06-07,0,NA,0,0,0,12,0,0
621,2016,6,8,2016-06-08,0,NA,0,0,0,14,0,0
622,2016,6,9,2016-06-09,0,NA,0,0,0,14,0,0
623,2016,6,10,2016-06-10,0,NA,0,0,0,14,0,0
624,2016,6,11,2016-06-11,0,NA,0,0,0,13,0,0
625,2016,6,12,2016-06-12,0,NA,0,0,0,13,0,0
626,2016,6,13,2016-06-13,0,NA,0,0,0,14,0,0
627,2016,6,14,2016-06-14,0,NA,0,0,0,14,NA,NA
628,2016,6,15,2016-06-15,0,NA,0,0,0,14,NA,NA
629,2016,6,16,2016-06-16,0,NA,0,0,0,14,NA,NA
630,2016,6,17,2016-06-17,0,0,0,0,0,14,0,0
631,2016,6,18,2016-06-18,0,0,0,0,0,12,0,0
632,2016,6,19,2016-06-19,0,0,0,0,0,14,0,0
633,2016,6,20,2016-06-20,0,0,0,0,0,14,0,0
634,2016,6,21,2016-06-21,0,0,0,0,0,14,0,0
635,2016,6,22,2016-06-22,0,0,0,0,0,12,0,0
636,2016,6,23,2016-06-23,0,0,0,0,0,13,0,0
637,2016,6,24,2016-06-24,0,0,0,0,0,13,0,0
638,2016,6,25,2016-06-25,0,0,0,0,0,12,0,0
639,2016,6,26,2016-06-26,0,0,0,0,0,13,0,0
640,2016,6,27,2016-06-27,0,0,0,0,0,13,0,0
641,2016,6,28,2016-06-28,0,0,0,0,0,13,0,0
642,2016,6,29,2016-06-29,0,0,0,0,0,12,0,0
643,2016,6,30,2016-06-30,0,0,0,0,0,12,0,0
644,2016,7,1,2016-07-01,0,0,0,0,0,0,0,0
645,2016,7,2,2016-07-02,0,0,0,0,0,0,0,0
646,2016,7,3,2016-07-03,0,0,0,0,0,0,0,0
647,2016,7,4,2016-07-04,0,0,0,0,0,0,0,0
648,2016,7,5,2016-07-05,0,0,0,0,0,0,0,0
649,2016,7,6,2016-07-06,0,0,0,0,0,0,0,0
650,2016,7,7,2016-07-07,0,0,0,0,0,0,0,0
651,2016,7,8,2016-07-08,0,0,0,0,0,0,0,0
652,2016,7,9,2016-07-09,0,0,0,0,0,0,0,0
653,2016,7,10,2016-07-10,0,0,0,0,0,0,0,0
654,2016,7,11,2016-07-11,0,0,0,0,0,0,0,0
655,2016,7,12,2016-07-12,0,0,0,0,0,0,0,0
656,2016,7,13,2016-07-13,0,0,0,0,0,0,0,0
657,2016,7,14,2016-07-14,0,0,0,0,0,0,0,0
658,2016,7,15,2016-07-15,0,0,0,0,0,0,0,0
659,2016,7,16,2016-07-16,0,0,0,0,0,0,0,0
660,2016,7,17,2016-07-17,0,0,0,0,0,0,0,0
661,2016,7,18,2016-07-18,0,0,0,0,0,0,0,0
662,2016,7,19,2016-07-19,0,0,0,0,0,0,0,0
663,2016,7,20,2016-07-20,0,0,0,0,0,0,0,0
664,2016,7,21,2016-07-21,0,0,0,0,0,0,0,0
665,2016,7,22,2016-07-22,0,0,0,0,0,0,0,0
666,2016,7,23,2016-07-23,0,0,0,0,0,0,0,0
667,2016,7,24,2016-07-24,0,0,0,0,0,0,0,0
668,2016,7,25,2016-07-25,0,0,0,0,0,0,0,0
669,2016,7,26,2016-07-26,0,0,0,0,0,0,0,0
670,2016,7,27,2016-07-27,0,0,0,0,0,0,0,0
671,2016,7,28,2016-07-28,0,0,0,0,0,0,0,0
672,2016,7,29,2016-07-29,0,0,0,0,0,0,0,0
673,2016,7,30,2016-07-30,0,0,0,0,0,0,0,0
674,2016,7,31,2016-07-31,0,0,0,0,0,0,0,0
675,2016,8,1,2016-08-01,0,0,0,0,0,0,0,0
676,2016,8,2,2016-08-02,0,0,0,0,0,0,0,0
677,2016,8,3,2016-08-03,0,0,0,0,0,0,0,0
678,2016,8,4,2016-08-04,0,0,0,0,0,0,0,0
679,2016,8,5,2016-08-05,0,0,0,0,0,0,0,0
680,2016,8,6,2016-08-06,0,0,0,0,0,0,0,0
681,2016,8,7,2016-08-07,0,0,0,0,0,0,0,0
682,2016,8,8,2016-08-08,0,0,0,0,0,0,0,0
683,2016,8,9,2016-08-09,0,0,0,0,0,0,0,0
684,2016,8,10,2016-08-10,0,0,0,0,0,0,0,0
685,2016,8,11,2016-08-11,0,0,0,0,0,0,0,0
686,2016,8,12,2016-08-12,0,0,0,0,0,0,0,0
687,2016,8,13,2016-08-13,0,0,0,0,0,0,0,0
688,2016,8,14,2016-08-14,0,0,0,0,0,0,0,0
689,2016,8,15,2016-08-15,0,0,0,0,0,0,0,0
690,2016,8,16,2016-08-16,0,0,0,0,0,0,0,0
691,2016,8,17,2016-08-17,0,0,0,0,0,0,0,0
692,2016,8,18,2016-08-18,0,0,0,0,0,0,0,0
693,2016,8,19,2016-08-19,0,0,0,0,0,0,0,0
694,2016,8,20,2016-08-20,0,0,0,0,0,0,0,0
695,2016,8,21,2016-08-21,0,0,0,0,0,0,0,0
696,2016,8,22,2016-08-22,0,0,0,0,0,0,0,0
697,2016,8,23,2016-08-23,0,0,0,0,0,0,0,0
698,2016,8,24,2016-08-24,0,0,0,0,0,0,0,0
699,2016,8,25,2016-08-25,0,0,0,0,0,0,0,0
700,2016,8,26,2016-08-26,0,0,0,0,0,0,0,0
701,2016,8,27,2016-08-27,0,0,0,0,0,0,0,0
702,2016,8,28,2016-08-28,0,0,0,0,0,0,0,0
703,2016,8,29,2016-08-29,0,0,0,0,0,0,0,0
704,2016,8,30,2016-08-30,0,0,0,0,0,0,0,0
705,2016,8,31,2016-08-31,0,0,0,0,0,0,0,0
706,2016,9,1,2016-09-01,0,0,0,0,0,0,0,0
707,2016,9,2,2016-09-02,0,0,0,0,0,0,0,0
708,2016,9,3,2016-09-03,0,0,0,0,0,0,0,0
709,2016,9,4,2016-09-04,0,0,0,0,0,0,0,0
710,2016,9,5,2016-09-05,0,0,0,0,0,0,0,0
711,2016,9,6,2016-09-06,0,0,0,0,0,0,0,0
712,2016,9,7,2016-09-07,0,0,0,0,0,0,0,0
713,2016,9,8,2016-09-08,0,0,0,0,0,0,0,0
714,2016,9,9,2016-09-09,0,0,0,0,0,0,0,0
715,2016,9,10,2016-09-10,0,0,0,0,0,0,0,0
716,2016,9,11,2016-09-11,0,0,0,0,0,0,0,0
717,2016,9,12,2016-09-12,0,0,0,0,0,0,0,0
718,2016,9,13,2016-09-13,0,0,0,0,0,0,0,0
719,2016,9,14,2016-09-14,0,0,0,0,0,0,0,0
720,2016,9,15,2016-09-15,0,0,0,0,0,0,0,0
721,2016,9,16,2016-09-16,0,0,0,0,0,0,0,0
722,2016,9,17,2016-09-17,0,0,0,0,0,0,0,0
723,2016,9,18,2016-09-18,0,0,0,0,0,0,0,0
724,2016,9,19,2016-09-19,0,0,0,0,0,0,0,0
725,2016,9,20,2016-09-20,0,0,0,0,0,0,0,0
726,2016,9,21,2016-09-21,0,0,0,0,0,0,0,0
727,2016,9,22,2016-09-22,0,0,0,0,0,0,0,0
728,2016,9,23,2016-09-23,0,0,0,0,0,0,0,0
729,2016,9,24,2016-09-24,0,0,0,0,0,0,0,0
730,2016,9,25,2016-09-25,0,0,0,0,0,0,0,0
731,2016,9,26,2016-09-26,0,0,0,0,0,0,0,0
732,2016,9,27,2016-09-27,0,0,0,0,0,0,0,0
733,2016,9,28,2016-09-28,0,0,0,0,0,0,0,0
734,2016,9,29,2016-09-29,0,0,0,0,0,0,0,0
735,2016,9,30,2016-09-30,0,0,0,0,0,0,0,0
736,2016,10,1,2016-10-01,0,0,0,0,0,0,0,0
737,2016,10,2,2016-10-02,0,0,0,0,0,0,0,0
738,2016,10,3,2016-10-03,0,0,0,0,0,0,0,0
739,2016,10,4,2016-10-04,0,0,0,0,0,0,0,0
740,2016,10,5,2016-10-05,0,0,0,0,0,0,5,5
741,2016,10,6,2016-10-06,0,0,0,0,0,0,5,5
742,2016,10,7,2016-10-07,0,0,0,0,0,0,5,5
743,2016,10,8,2016-10-08,0,0,0,0,0,0,0,5
744,2016,10,9,2016-10-09,0,0,0,0,0,0,0,0
745,2016,10,10,2016-10-10,0,0,0,0,0,0,NA,5
746,2016,10,11,2016-10-11,0,0,5,1,0,0,5,5
747,2016,10,12,2016-10-12,0,0,0,1,0,0,NA,5
748,2016,10,13,2016-10-13,0,0,0,1,0,0,10,10
749,2016,10,14,2016-10-14,0,0,0,1,0,0,10,10
750,2016,10,15,2016-10-15,0,0,0,1,0,0,5,10
751,2016,10,16,2016-10-16,5,0,0,2,0,0,5,10
752,2016,10,17,2016-10-17,5,0,0,1,0,0,5,10
753,2016,10,18,2016-10-18,3,0,0,1,0,0,25,10
754,2016,10,19,2016-10-19,2,0,0,1,0,0,15,5
755,2016,10,20,2016-10-20,1,0,0,1,0,0,15,5
756,2016,10,21,2016-10-21,1,0,0,1,0,14,15,5
757,2016,10,22,2016-10-22,1,5,0,1,0,0,15,5
758,2016,10,23,2016-10-23,1,0,0,1,0,0,10,5
759,2016,10,24,2016-10-24,1,0,0,1,0,0,10,5
760,2016,10,25,2016-10-25,1,0,0,1,0,0,10,5
761,2016,10,26,2016-10-26,1,0,0,1,0,14,10,5
762,2016,10,27,2016-10-27,5,5,5,2,9,14,10,5
763,2016,10,28,2016-10-28,5,5,5,1,NA,14,10,5
764,2016,10,29,2016-10-29,5,5,5,1,8,14,10,5
765,2016,10,30,2016-10-30,8,5,5,3,NA,15,NA,5
766,2016,10,31,2016-10-31,8,5,5,3,7,15,NA,5
767,2016,11,1,2016-11-01,8,5,5,3,NA,15,10,5
768,2016,11,2,2016-11-02,15,5,5,2,NA,20,20,10
769,2016,11,3,2016-11-03,15,5,5,3,NA,21,20,10
770,2016,11,4,2016-11-04,10,5,0,1,NA,20,15,10
771,2016,11,5,2016-11-05,10,5,0,NA,NA,17,10,5
772,2016,11,6,2016-11-06,10,5,0,NA,NA,17,5,5
773,2016,11,7,2016-11-07,5,5,0,NA,NA,14,5,5
774,2016,11,8,2016-11-08,5,5,0,NA,NA,14,5,5
775,2016,11,9,2016-11-09,5,5,0,NA,NA,14,5,5
776,2016,11,10,2016-11-10,5,5,0,NA,NA,14,NA,5
777,2016,11,11,2016-11-11,5,5,0,NA,NA,14,NA,5
778,2016,11,12,2016-11-12,3,5,0,NA,NA,13,5,5
779,2016,11,13,2016-11-13,5,5,5,1,NA,13,NA,5
780,2016,11,14,2016-11-14,5,5,5,1,NA,15,NA,5
781,2016,11,15,2016-11-15,5,0,0,1,NA,14,5,5
782,2016,11,16,2016-11-16,8,5,5,1,NA,13,5,5
783,2016,11,17,2016-11-17,NA,5,5,2,NA,15,5,5
784,2016,11,18,2016-11-18,NA,5,5,2,NA,15,5,5
785,2016,11,19,2016-11-19,NA,5,5,2,NA,15,5,5
786,2016,11,20,2016-11-20,NA,5,5,2,NA,15,5,5
787,2016,11,21,2016-11-21,15,5,5,4,NA,15,5,5
788,2016,11,22,2016-11-22,15,5,5,4,NA,15,5,5
789,2016,11,23,2016-11-23,15,5,5,4,NA,18,NA,5
790,2016,11,24,2016-11-24,15,10,5,4,NA,18,NA,5
791,2016,11,25,2016-11-25,20,10,5,4,5,17,5,5
792,2016,11,26,2016-11-26,20,10,5,4,5,18,5,5
793,2016,11,27,2016-11-27,20,10,5,5,5,16,5,5
794,2016,11,28,2016-11-28,20,10,5,5,6,18,5,5
795,2016,11,29,2016-11-29,20,10,5,4,6,18,5,5
796,2016,11,30,2016-11-30,20,10,NA,5,6,18,5,5
797,2016,12,1,2016-12-01,20,10,NA,5,6,17,5,5
798,2016,12,2,2016-12-02,20,10,NA,5,NA,18,5,5
799,2016,12,3,2016-12-03,20,10,NA,4,NA,18,5,5
800,2016,12,4,2016-12-04,20,10,NA,4,NA,18,5,5
801,2016,12,5,2016-12-05,20,10,NA,5,NA,18,5,5
802,2016,12,6,2016-12-06,20,10,NA,6,NA,18,5,5
803,2016,12,7,2016-12-07,NA,10,NA,6,NA,30,NA,NA
804,2016,12,8,2016-12-08,NA,40,NA,NA,NA,24,NA,NA
805,2016,12,9,2016-12-09,NA,40,NA,NA,NA,24,NA,NA
806,2016,12,10,2016-12-10,NA,40,NA,NA,NA,23,NA,NA
807,2016,12,11,2016-12-11,NA,40,NA,NA,NA,22,NA,NA
808,2016,12,12,2016-12-12,NA,40,NA,NA,NA,22,NA,NA
809,2016,12,13,2016-12-13,NA,40,NA,NA,NA,23,NA,NA
810,2016,12,14,2016-12-14,NA,NA,NA,NA,NA,23,NA,NA
811,2016,12,15,2016-12-15,NA,NA,NA,NA,NA,24,NA,NA
812,2016,12,16,2016-12-16,NA,NA,NA,NA,NA,24,NA,NA
813,2016,12,17,2016-12-17,NA,NA,NA,NA,NA,24,NA,NA
814,2016,12,18,2016-12-18,NA,NA,NA,NA,NA,24,NA,NA
815,2016,12,19,2016-12-19,NA,NA,NA,NA,NA,24,NA,NA
816,2016,12,20,2016-12-20,NA,NA,NA,NA,NA,24,NA,NA
817,2016,12,21,2016-12-21,NA,NA,NA,NA,NA,23,NA,NA
818,2016,12,22,2016-12-22,NA,NA,NA,NA,NA,23,NA,NA
819,2016,12,23,2016-12-23,NA,NA,NA,NA,NA,NA,NA,NA
820,2016,12,24,2016-12-24,NA,NA,NA,NA,NA,NA,NA,NA
821,2016,12,25,2016-12-25,NA,NA,NA,NA,NA,44,NA,NA
822,2016,12,26,2016-12-26,NA,NA,5,8,NA,43,NA,NA
823,2016,12,27,2016-12-27,NA,NA,5,5,NA,43,NA,NA
824,2016,12,28,2016-12-28,NA,NA,5,6,NA,NA,NA,NA
825,2016,12,29,2016-12-29,NA,60,NA,5,NA,NA,NA,NA
826,2016,12,30,2016-12-30,NA,80,NA,5,NA,30,NA,NA
827,2016,12,31,2016-12-31,NA,80,NA,5,NA,NA,NA,NA
828,2017,1,1,2017-01-01,NA,80,NA,5,NA,NA,NA,NA
829,2017,1,2,2017-01-02,NA,80,NA,5,NA,39,NA,NA
830,2017,1,3,2017-01-03,NA,80,NA,6,NA,NA,NA,NA
831,2017,1,4,2017-01-04,NA,80,NA,6,NA,NA,NA,NA
832,2017,1,5,2017-01-05,NA,80,NA,NA,NA,NA,NA,NA
833,2017,1,6,2017-01-06,NA,80,NA,NA,NA,NA,NA,NA
834,2017,1,7,2017-01-07,NA,80,NA,NA,NA,NA,NA,NA
835,2017,1,8,2017-01-08,NA,80,NA,NA,NA,NA,NA,NA
836,2017,1,9,2017-01-09,NA,80,NA,NA,NA,NA,NA,NA
837,2017,1,10,2017-01-10,NA,80,NA,NA,NA,29,NA,NA
838,2017,1,11,2017-01-11,NA,80,NA,NA,NA,NA,NA,NA
839,2017,1,12,2017-01-12,NA,80,NA,NA,NA,29,NA,NA
840,2017,1,13,2017-01-13,NA,80,NA,NA,NA,29,NA,NA
841,2017,1,14,2017-01-14,NA,80,NA,NA,NA,30,NA,NA
842,2017,1,15,2017-01-15,NA,90,NA,7,NA,30,NA,NA
843,2017,1,16,2017-01-16,NA,90,NA,6,NA,35,NA,NA
844,2017,1,17,2017-01-17,NA,90,NA,5,4,38,NA,NA
845,2017,1,18,2017-01-18,45,95,10,NA,NA,39,NA,NA
846,2017,1,19,2017-01-19,NA,95,NA,NA,NA,38,NA,NA
847,2017,1,20,2017-01-20,NA,95,NA,NA,NA,43,NA,NA
848,2017,1,21,2017-01-21,NA,100,NA,NA,NA,43,25,40
849,2017,1,22,2017-01-22,NA,NA,NA,NA,NA,42,25,40
850,2017,1,23,2017-01-23,NA,NA,NA,NA,NA,42,25,40
851,2017,1,24,2017-01-24,NA,NA,NA,NA,NA,42,25,40
852,2017,1,25,2017-01-25,NA,NA,NA,NA,NA,42,25,40
853,2017,1,26,2017-01-26,NA,NA,NA,NA,NA,41,25,40
854,2017,1,27,2017-01-27,NA,NA,NA,NA,NA,41,NA,NA
855,2017,1,28,2017-01-28,NA,NA,NA,NA,NA,43,NA,NA
856,2017,1,29,2017-01-29,NA,NA,NA,NA,NA,43,NA,NA
857,2017,1,30,2017-01-30,NA,NA,NA,NA,NA,43,NA,NA
858,2017,1,31,2017-01-31,NA,NA,NA,NA,NA,43,NA,NA
859,2017,2,1,2017-02-01,NA,NA,NA,NA,NA,42,NA,NA
860,2017,2,2,2017-02-02,NA,NA,NA,NA,NA,42,NA,NA
861,2017,2,3,2017-02-03,NA,NA,NA,NA,NA,42,NA,NA
862,2017,2,4,2017-02-04,NA,NA,NA,NA,NA,42,NA,NA
863,2017,2,5,2017-02-05,NA,NA,NA,NA,NA,42,NA,NA
864,2017,2,6,2017-02-06,NA,NA,NA,NA,NA,42,25,50
865,2017,2,7,2017-02-07,NA,NA,NA,NA,NA,41,25,50
866,2017,2,8,2017-02-08,NA,NA,NA,NA,NA,41,25,50
867,2017,2,9,2017-02-09,NA,NA,NA,NA,NA,41,25,50
868,2017,2,10,2017-02-10,NA,NA,NA,NA,NA,41,25,50
869,2017,2,11,2017-02-11,NA,NA,NA,NA,NA,40,25,50
870,2017,2,12,2017-02-12,NA,NA,NA,NA,NA,41,25,50
871,2017,2,13,2017-02-13,NA,NA,NA,NA,NA,41,25,50
872,2017,2,14,2017-02-14,NA,NA,NA,NA,NA,41,NA,NA
873,2017,2,15,2017-02-15,NA,NA,NA,NA,NA,41,NA,NA
874,2017,2,16,2017-02-16,NA,NA,NA,6,NA,41,NA,NA
875,2017,2,17,2017-02-17,NA,NA,NA,6,NA,50,NA,NA
876,2017,2,18,2017-02-18,NA,NA,NA,6,NA,51,NA,NA
877,2017,2,19,2017-02-19,NA,140,NA,6,NA,57,NA,NA
878,2017,2,20,2017-02-20,NA,140,NA,8,NA,57,40,50
879,2017,2,21,2017-02-21,NA,150,NA,NA,NA,62,60,70
880,2017,2,22,2017-02-22,NA,160,NA,NA,NA,69,NA,NA
881,2017,2,23,2017-02-23,NA,160,NA,11,NA,65,NA,NA
882,2017,2,24,2017-02-24,NA,160,NA,11,NA,65,65,75
883,2017,2,25,2017-02-25,NA,160,NA,11,NA,64,65,75
884,2017,2,26,2017-02-26,NA,160,20,11,NA,64,60,70
885,2017,2,27,2017-02-27,75,160,20,12,NA,64,60,70
886,2017,2,28,2017-02-28,75,160,20,12,NA,64,60,70
887,2017,3,1,2017-03-01,75,160,20,13,NA,NA,60,70
888,2017,3,2,2017-03-02,75,160,20,12,NA,NA,60,70
889,2017,3,3,2017-03-03,70,160,20,12,NA,NA,60,70
890,2017,3,4,2017-03-04,70,170,20,14,NA,50,50,70
891,2017,3,5,2017-03-05,75,170,20,7,NA,,NA,NA
892,2017,3,6,2017-03-06,NA,170,20,9,NA,65,NA,NA
893,2017,3,7,2017-03-07,NA,NA,NA,NA,NA,,NA,NA
894,2017,3,8,2017-03-08,NA,NA,NA,NA,NA,175,NA,NA
895,2017,3,9,2017-03-09,NA,NA,NA,NA,NA,,NA,NA
896,2017,3,10,2017-03-10,NA,NA,NA,NA,NA,,NA,NA
897,2017,3,11,2017-03-11,NA,NA,NA,NA,NA,,NA,NA
898,2017,3,12,2017-03-12,NA,NA,NA,NA,NA,,NA,NA
899,2017,3,13,2017-03-13,NA,NA,NA,7,NA,175,NA,NA
900,2017,3,14,2017-03-14,NA,NA,10,7,NA,175,NA,NA
901,2017,3,15,2017-03-15,85,220,10,7,NA,175,NA,NA
902,2017,3,16,2017-03-16,85,220,10,6,NA,175,NA,NA
903,2017,3,17,2017-03-17,90,215,10,6,NA,185,NA,NA
904,2017,3,18,2017-03-18,90,215,10,8,NA,185,NA,NA
905,2017,3,19,2017-03-19,90,210,10,8,NA,190,NA,NA
906,2017,3,20,2017-03-20,NA,NA,10,7,NA,190,NA,NA
907,2017,3,21,2017-03-21,NA,NA,10,8,NA,190,NA,NA
908,2017,3,22,2017-03-22,95,230,10,7,NA,190,NA,NA
909,2017,3,23,2017-03-23,90,225,10,7,NA,190,NA,NA
910,2017,3,24,2017-03-24,90,220,10,7,NA,195,NA,NA
911,2017,3,25,2017-03-25,90,220,10,9,NA,195,NA,NA
912,2017,3,26,2017-03-26,95,220,10,11,NA,200,NA,NA
913,2017,3,27,2017-03-27,95,230,10,11,NA,200,NA,NA
914,2017,3,28,2017-03-28,95,235,10,10,NA,200,NA,NA
915,2017,3,29,2017-03-29,95,235,10,10,NA,200,NA,NA
916,2017,3,30,2017-03-30,90,235,10,10,NA,200,NA,NA
917,2017,3,31,2017-03-31,90,230,10,10,NA,195,NA,NA
918,2017,4,1,2017-04-01,90,230,10,10,NA,195,NA,NA
919,2017,4,2,2017-04-02,85,240,10,6,NA,195,NA,NA
920,2017,4,3,2017-04-03,90,240,15,15,NA,205,NA,NA
921,2017,4,4,2017-04-04,100,250,10,9,NA,200,220,280
922,2017,4,5,2017-04-05,95,245,15,14,NA,200,220,280
923,2017,4,6,2017-04-06,95,245,10,14,NA,200,220,280
924,2017,4,7,2017-04-07,90,255,5,14,5,195,220,280
925,2017,4,8,2017-04-08,85,250,5,9,NA,190,220,280
926,2017,4,9,2017-04-09,85,250,5,9,NA,190,220,280
927,2017,4,10,2017-04-10,85,250,5,9,NA,190,210,270
928,2017,4,11,2017-04-11,85,250,5,9,NA,185,200,260
929,2017,4,12,2017-04-12,85,250,5,9,NA,185,195,255
930,2017,4,13,2017-04-13,85,245,5,9,NA,185,195,255
931,2017,4,14,2017-04-14,85,245,5,9,NA,180,195,255
932,2017,4,15,2017-04-15,85,245,5,9,NA,180,195,255
933,2017,4,16,2017-04-16,85,245,5,9,NA,180,190,250
934,2017,4,17,2017-04-17,85,245,10,9,NA,175,185,245
935,2017,4,18,2017-04-18,85,245,10,9,NA,175,185,245
936,2017,4,19,2017-04-19,80,245,5,9,NA,175,185,245
937,2017,4,20,2017-04-20,80,245,5,9,NA,175,185,245
938,2017,4,21,2017-04-21,80,240,10,9,NA,175,185,245
939,2017,4,22,2017-04-22,80,240,10,9,NA,170,185,245
940,2017,4,23,2017-04-23,80,240,10,9,NA,170,185,245
941,2017,4,24,2017-04-24,80,240,10,9,NA,170,185,245
942,2017,4,25,2017-04-25,80,240,10,9,NA,170,185,245
943,2017,4,26,2017-04-26,80,240,10,9,NA,170,170,230
944,2017,4,27,2017-04-27,80,240,5,9,NA,165,170,230
945,2017,4,28,2017-04-28,75,240,10,8,NA,165,170,230
946,2017,4,29,2017-04-29,75,240,10,7,NA,165,170,230
947,2017,4,30,2017-04-30,70,235,5,2,NA,160,170,230
948,2017,5,1,2017-05-01,70,235,5,2,NA,160,170,230
949,2017,5,2,2017-05-02,70,235,5,3,NA,160,170,230
950,2017,5,3,2017-05-03,70,235,10,3,NA,160,170,230
951,2017,5,4,2017-05-04,70,230,5,0,0,165,170,230
952,2017,5,5,2017-05-05,70,230,5,0,0,165,170,230
953,2017,5,6,2017-05-06,70,230,5,0,0,160,170,230
954,2017,5,7,2017-05-07,65,230,5,0,0,160,170,230
955,2017,5,8,2017-05-08,65,230,5,0,0,160,170,230
956,2017,5,9,2017-05-09,65,230,5,0,0,160,170,230
957,2017,5,10,2017-05-10,65,230,5,0,0,160,170,230
958,2017,5,11,2017-05-11,65,230,0,0,0,155,165,225
959,2017,5,12,2017-05-12,60,225,0,0,0,155,165,225
960,2017,5,13,2017-05-13,60,225,0,0,0,155,165,225
961,2017,5,14,2017-05-14,60,220,0,0,0,150,165,225
962,2017,5,15,2017-05-15,55,220,0,0,0,150,165,225
963,2017,5,16,2017-05-16,50,215,0,0,0,140,160,220
964,2017,5,17,2017-05-17,50,215,0,0,0,140,165,225
965,2017,5,18,2017-05-18,50,210,0,0,0,140,165,225
966,2017,5,19,2017-05-19,40,205,0,0,0,135,165,225
967,2017,5,20,2017-05-20,30,200,0,0,0,130,165,225
968,2017,5,21,2017-05-21,25,190,0,0,0,125,160,220
969,2017,5,22,2017-05-22,20,185,0,0,0,120,150,210
970,2017,5,23,2017-05-23,NA,180,0,0,0,120,150,210
971,2017,5,24,2017-05-24,NA,165,0,0,0,115,150,210
972,2017,5,25,2017-05-25,NA,155,0,0,0,110,145,205
973,2017,5,26,2017-05-26,NA,145,0,0,0,105,100,200
974,2017,5,27,2017-05-27,NA,140,0,0,0,100,90,195
975,2017,5,28,2017-05-28,NA,135,0,0,0,95,80,190
976,2017,5,29,2017-05-29,NA,130,0,0,0,90,80,180
977,2017,5,30,2017-05-30,NA,125,0,0,0,80,70,150
978,2017,5,31,2017-05-31,NA,120,0,0,0,70,75,130
979,2017,6,1,2017-06-01,0,115,0,0,0,65,60,110
980,2017,6,2,2017-06-02,0,110,0,0,0,60,50,100
981,2017,6,3,2017-06-03,0,90,0,0,0,55,45,80
982,2017,6,4,2017-06-04,0,85,0,0,0,50,40,70
983,2017,6,5,2017-06-05,0,80,0,0,0,40,25,60
984,2017,6,6,2017-06-06,0,65,0,0,0,25,0,50
985,2017,6,7,2017-06-07,0,50,0,0,0,15,0,40
986,2017,6,8,2017-06-08,0,40,0,0,0,5,0,25
987,2017,6,9,2017-06-09,0,30,0,0,0,5,0,20
988,2017,6,10,2017-06-10,0,20,0,0,0,5,0,15
989,2017,6,11,2017-06-11,0,20,0,0,0,0,0,15
990,2017,6,12,2017-06-12,0,20,0,0,0,0,0,15
991,2017,6,13,2017-06-13,0,20,0,0,0,0,0,15
992,2017,6,14,2017-06-14,0,15,0,0,0,0,0,10
993,2017,6,15,2017-06-15,0,10,0,0,0,0,0,10
994,2017,6,16,2017-06-16,0,10,0,0,0,0,0,5
995,2017,6,17,2017-06-17,0,5,0,0,0,0,0,5
996,2017,6,18,2017-06-18,0,0,0,0,0,0,0,5
997,2017,6,19,2017-06-19,0,0,0,0,0,0,0,5
998,2017,6,20,2017-06-20,0,0,0,0,0,0,0,0
999,2017,6,21,2017-06-21,0,0,0,0,0,0,0,0
1000,2017,6,22,2017-06-22,0,0,0,0,0,0,0,0
1001,2017,6,23,2017-06-23,0,0,0,0,0,0,0,0
1002,2017,6,24,2017-06-24,0,0,0,0,0,0,0,0
1003,2017,6,25,2017-06-25,0,0,0,0,0,0,0,0
1004,2017,6,26,2017-06-26,0,0,0,0,0,0,0,0
1005,2017,6,27,2017-06-27,0,0,0,0,0,0,0,0
1006,2017,6,28,2017-06-28,0,0,0,0,0,0,0,0
1007,2017,6,29,2017-06-29,0,0,0,0,0,0,0,0
1008,2017,6,30,2017-06-30,0,0,0,0,0,0,0,0
1009,2017,7,1,2017-07-01,0,0,0,0,0,0,0,0
1010,2017,7,2,2017-07-02,0,0,0,0,0,0,0,0
1011,2017,7,3,2017-07-03,0,0,0,0,0,0,0,0
1012,2017,7,4,2017-07-04,0,0,0,0,0,0,0,0
1013,2017,7,5,2017-07-05,0,0,0,0,0,0,0,0
1014,2017,7,6,2017-07-06,0,0,0,0,0,0,0,0
1015,2017,7,7,2017-07-07,0,0,0,0,0,0,0,0
1016,2017,7,8,2017-07-08,0,0,0,0,0,0,0,0
1017,2017,7,9,2017-07-09,0,0,0,0,0,0,0,0
1018,2017,7,10,2017-07-10,0,0,0,0,0,0,0,0
1019,2017,7,11,2017-07-11,0,0,0,0,0,0,0,0
1020,2017,7,12,2017-07-12,0,0,0,0,0,0,0,0
1021,2017,7,13,2017-07-13,0,0,0,0,0,0,0,0
1022,2017,7,14,2017-07-14,0,0,0,0,0,0,0,0
1023,2017,7,15,2017-07-15,0,0,0,0,0,0,0,0
1024,2017,7,16,2017-07-16,0,0,0,0,0,0,0,0
1025,2017,7,17,2017-07-17,0,0,0,0,0,0,0,0
1026,2017,7,18,2017-07-18,0,0,0,0,0,0,0,0
1027,2017,7,19,2017-07-19,0,0,0,0,0,0,0,0
1028,2017,7,20,2017-07-20,0,0,0,0,0,0,0,0
1029,2017,7,21,2017-07-21,0,0,0,0,0,0,0,0
1030,2017,7,22,2017-07-22,0,0,0,0,0,0,0,0
1031,2017,7,23,2017-07-23,0,0,0,0,0,0,0,0
1032,2017,7,24,2017-07-24,0,0,0,0,0,0,0,0
1033,2017,7,25,2017-07-25,0,0,0,0,0,0,0,0
1034,2017,7,26,2017-07-26,0,0,0,0,0,0,0,0
1035,2017,7,27,2017-07-27,0,0,0,0,0,0,0,0
1036,2017,7,28,2017-07-28,0,0,0,0,0,0,0,0
1037,2017,7,29,2017-07-29,0,0,0,0,0,0,0,0
1038,2017,7,30,2017-07-30,0,0,0,0,0,0,0,0
1039,2017,7,31,2017-07-31,0,0,0,0,0,0,0,0
1040,2017,8,1,2017-08-01,0,0,0,0,0,0,0,0
1041,2017,8,2,2017-08-02,0,0,0,0,0,0,0,0
1042,2017,8,3,2017-08-03,0,0,0,0,0,0,0,0
1043,2017,8,4,2017-08-04,0,0,0,0,0,0,0,0
1044,2017,8,5,2017-08-05,0,0,0,0,0,0,0,0
1045,2017,8,6,2017-08-06,0,0,0,0,0,0,0,0
1046,2017,8,7,2017-08-07,0,0,0,0,0,0,0,0
1047,2017,8,8,2017-08-08,0,0,0,0,0,0,0,0
1048,2017,8,9,2017-08-09,0,0,0,0,0,0,0,0
1049,2017,8,10,2017-08-10,0,0,0,0,0,0,0,0
1050,2017,8,11,2017-08-11,0,0,0,0,0,0,0,0
1051,2017,8,12,2017-08-12,0,0,0,0,0,0,0,0
1052,2017,8,13,2017-08-13,0,0,0,0,0,0,0,0
1053,2017,8,14,2017-08-14,0,0,0,0,0,0,0,0
1054,2017,8,15,2017-08-15,0,0,0,0,0,0,0,0
1055,2017,8,16,2017-08-16,0,0,0,0,0,0,0,0
1056,2017,8,17,2017-08-17,0,0,0,0,0,0,0,0
1057,2017,8,18,2017-08-18,0,0,0,0,0,0,0,0
1058,2017,8,19,2017-08-19,0,0,0,0,0,0,0,0
1059,2017,8,20,2017-08-20,0,0,0,0,0,0,0,0
1060,2017,8,21,2017-08-21,0,0,0,0,0,0,0,0
1061,2017,8,22,2017-08-22,0,0,0,0,0,0,0,0
1062,2017,8,23,2017-08-23,0,0,0,0,0,0,0,0
1063,2017,8,24,2017-08-24,0,0,0,0,0,0,0,0
1064,2017,8,25,2017-08-25,0,0,0,0,0,0,0,0
1065,2017,8,26,2017-08-26,0,0,0,0,0,0,0,0
1066,2017,8,27,2017-08-27,0,0,0,0,0,0,0,0
1067,2017,8,28,2017-08-28,0,0,0,0,0,0,0,0
1068,2017,8,29,2017-08-29,0,0,0,0,0,0,0,0
1069,2017,8,30,2017-08-30,0,0,0,0,0,0,0,0
1070,2017,8,31,2017-08-31,0,0,0,0,0,0,0,0
1071,2017,9,1,2017-09-01,0,0,0,0,0,0,0,0
1072,2017,9,2,2017-09-02,0,0,0,0,0,0,0,0
1073,2017,9,3,2017-09-03,0,0,0,0,0,0,0,0
1074,2017,9,4,2017-09-04,0,0,0,0,0,0,0,0
1075,2017,9,5,2017-09-05,0,0,0,0,0,0,0,0
1076,2017,9,6,2017-09-06,0,0,0,0,0,0,0,0
1077,2017,9,7,2017-09-07,0,0,0,0,0,0,0,0
1078,2017,9,8,2017-09-08,0,0,0,0,0,0,0,0
1079,2017,9,9,2017-09-09,0,0,0,0,0,0,0,0
1080,2017,9,10,2017-09-10,0,0,0,0,0,0,0,0
1081,2017,9,11,2017-09-11,0,0,0,0,0,0,0,0
1082,2017,9,12,2017-09-12,0,0,0,0,0,0,0,0
1083,2017,9,13,2017-09-13,0,0,0,0,0,0,0,0
1084,2017,9,14,2017-09-14,0,0,0,0,0,0,0,0
1085,2017,9,15,2017-09-15,0,0,0,0,0,0,0,0
1086,2017,9,16,2017-09-16,0,0,0,0,0,0,0,0
1087,2017,9,17,2017-09-17,0,0,0,0,0,0,0,0
1088,2017,9,18,2017-09-18,0,0,0,0,0,0,0,0
1089,2017,9,19,2017-09-19,0,0,0,0,0,0,0,0
1090,2017,9,20,2017-09-20,0,0,0,0,0,0,0,0
1091,2017,9,21,2017-09-21,0,0,0,0,0,0,0,0
1092,2017,9,22,2017-09-22,0,0,0,0,0,0,0,0
1093,2017,9,23,2017-09-23,0,0,0,0,0,0,0,0
1094,2017,9,24,2017-09-24,0,0,0,0,0,0,0,0
1095,2017,9,25,2017-09-25,0,0,0,0,0,0,0,0
1096,2017,9,26,2017-09-26,0,0,0,0,0,0,0,0
1097,2017,9,27,2017-09-27,0,0,0,0,0,0,0,0
1098,2017,9,28,2017-09-28,0,0,0,0,0,0,0,0
1099,2017,9,29,2017-09-29,0,0,0,0,0,0,0,0
1100,2017,9,30,2017-09-30,0,0,0,0,0,0,0,0
1101,2017,10,1,2017-10-01,0,0,0,0,0,0,0,0
1102,2017,10,2,2017-10-02,0,0,0,0,0,0,0,0
1103,2017,10,3,2017-10-03,0,0,0,0,0,0,0,0
1104,2017,10,4,2017-10-04,0,0,0,0,0,0,0,0
1105,2017,10,5,2017-10-05,0,10,1,1,1,0,0,0
1106,2017,10,6,2017-10-06,0,10,0,0,0,0,0,0
1107,2017,10,7,2017-10-07,0,0,0,0,0,0,0,0
1108,2017,10,8,2017-10-08,0,0,0,0,0,0,0,0
1109,2017,10,9,2017-10-09,0,0,0,0,0,0,0,0
1110,2017,10,10,2017-10-10,0,5,1,1,1,0,0,0
1111,2017,10,11,2017-10-11,1,0,0,1,0,0,0,0
1112,2017,10,12,2017-10-12,1,0,0,0,0,0,0,0
1113,2017,10,13,2017-10-13,0,0,0,0,0,0,0,0
1114,2017,10,14,2017-10-14,0,0,0,0,0,0,0,0
1115,2017,10,15,2017-10-15,0,0,0,0,0,0,0,0
1116,2017,10,16,2017-10-16,0,0,0,0,0,5,2,5
1117,2017,10,17,2017-10-17,0,NA,10,NA,1,,NA,NA
1118,2017,10,18,2017-10-18,0,NA,NA,NA,3,,10,10
1119,2017,10,19,2017-10-19,NA,20,0,1,0,5,5,5
1120,2017,10,20,2017-10-20,1,25,0,1,0,5,5,5
1121,2017,10,21,2017-10-21,1,15,0,NA,0,5,5,2
1122,2017,10,22,2017-10-22,1,15,0,NA,0,0,NA,NA
1123,2017,10,23,2017-10-23,0,10,10,NA,NA,5,NA,NA
1124,2017,10,24,2017-10-24,NA,5,10,4,NA,5,NA,NA
1125,2017,10,25,2017-10-25,NA,5,10,4,NA,5,NA,NA
1126,2017,10,26,2017-10-26,NA,5,10,5,NA,5,NA,NA
1127,2017,10,27,2017-10-27,NA,6,10,4,3,5,NA,NA
1128,2017,10,28,2017-10-28,25,5,10,4,NA,10,NA,NA
1129,2017,10,29,2017-10-29,20,5,10,4,1,,0,0
1130,2017,10,30,2017-10-30,35,7,10,4,NA,,NA,NA
1131,2017,10,31,2017-10-31,10,25,10,4,NA,,NA,NA
1132,2017,11,1,2017-11-01,15,25,10,6,NA,,NA,NA
1133,2017,11,2,2017-11-02,NA,30,10,6,NA,,NA,NA
1134,2017,11,3,2017-11-03,NA,25,10,6,NA,,2,15
1135,2017,11,4,2017-11-04,30,15,10,6,NA,,2,15
1136,2017,11,5,2017-11-05,20,15,10,8,NA,15,2,15
1137,2017,11,6,2017-11-06,15,20,10,8,NA,15,2,15
1138,2017,11,7,2017-11-07,15,20,10,8,NA,15,2,15
1139,2017,11,8,2017-11-08,15,30,10,8,NA,,2,15
1140,2017,11,9,2017-11-09,15,30,10,8,NA,15,2,15
1141,2017,11,10,2017-11-10,15,25,10,8,NA,15,2,15
1142,2017,11,11,2017-11-11,20,25,10,8,NA,15,2,15
1143,2017,11,12,2017-11-12,25,25,10,7,NA,15,2,15
1144,2017,11,13,2017-11-13,25,25,10,7,NA,15,2,15
1145,2017,11,14,2017-11-14,20,65,10,6,NA,15,2,15
1146,2017,11,15,2017-11-15,30,65,10,NA,NA,15,5,15
1147,2017,11,16,2017-11-16,30,65,10,NA,NA,15,5,15
1148,2017,11,17,2017-11-17,30,55,10,9,NA,25,5,15
1149,2017,11,18,2017-11-18,30,55,10,NA,NA,25,20,15
1150,2017,11,19,2017-11-19,30,55,10,NA,NA,25,20,15
1151,2017,11,20,2017-11-20,40,55,10,NA,NA,30,20,15
1152,2017,11,21,2017-11-21,40,60,10,NA,NA,30,20,15
1153,2017,11,22,2017-11-22,45,55,10,6,NA,30,20,15
1154,2017,11,23,2017-11-23,35,55,10,6,NA,25,20,15
1155,2017,11,24,2017-11-24,40,55,10,6,NA,25,20,15
1156,2017,11,25,2017-11-25,38,55,10,6,NA,25,20,15
1157,2017,11,26,2017-11-26,38,55,10,6,NA,25,20,15
1158,2017,11,27,2017-11-27,35,55,10,6,NA,25,20,15
1159,2017,11,28,2017-11-28,35,100,10,7,NA,,NA,NA
1160,2017,11,29,2017-11-29,NA,85,10,6,NA,,NA,NA
1161,2017,11,30,2017-11-30,NA,85,10,7,NA,,NA,NA
1162,2017,12,1,2017-12-01,NA,85,10,15,NA,,NA,NA
1163,2017,12,2,2017-12-02,NA,85,10,13,NA,,NA,NA
1164,2017,12,3,2017-12-03,NA,85,10,11,NA,,NA,NA
1165,2017,12,4,2017-12-04,NA,90,10,15,NA,,NA,NA
1166,2017,12,5,2017-12-05,NA,90,10,10,NA,,NA,NA
1167,2017,12,6,2017-12-06,NA,140,10,9,NA,,NA,NA
1168,2017,12,7,2017-12-07,NA,140,10,9,NA,,NA,NA
1169,2017,12,8,2017-12-08,NA,130,10,9,NA,,NA,NA
1170,2017,12,9,2017-12-09,NA,130,10,9,NA,,NA,NA
1171,2017,12,10,2017-12-10,NA,130,10,9,NA,,NA,NA
1172,2017,12,11,2017-12-11,NA,130,10,9,NA,,NA,NA
1173,2017,12,12,2017-12-12,NA,130,10,9,NA,,NA,NA
1174,2017,12,13,2017-12-13,NA,130,5,9,NA,,NA,NA
1175,2017,12,14,2017-12-14,NA,130,NA,9,NA,,NA,NA
1176,2017,12,15,2017-12-15,NA,130,NA,9,NA,,NA,NA
1177,2017,12,16,2017-12-16,NA,130,NA,NA,NA,,NA,NA
1178,2017,12,17,2017-12-17,NA,135,NA,NA,NA,,NA,NA
1179,2017,12,18,2017-12-18,NA,135,10,NA,NA,,NA,NA
1180,2017,12,19,2017-12-19,NA,140,10,10,NA,,NA,NA
1181,2017,12,20,2017-12-20,NA,150,10,10,NA,,NA,NA
1182,2017,12,21,2017-12-21,NA,150,5,9,NA,,NA,NA
1183,2017,12,22,2017-12-22,NA,150,5,9,NA,,NA,NA
1184,2017,12,23,2017-12-23,NA,150,5,9,NA,,NA,NA
1185,2017,12,24,2017-12-24,NA,150,5,9,NA,,NA,NA
1186,2017,12,25,2017-12-25,NA,150,5,9,NA,,NA,NA
1187,2017,12,26,2017-12-26,NA,150,5,9,NA,,NA,NA
1188,2017,12,27,2017-12-27,NA,150,NA,NA,NA,,NA,NA
1189,2017,12,28,2017-12-28,NA,150,NA,NA,NA,,NA,NA
1190,2017,12,29,2017-12-29,NA,150,NA,NA,NA,,NA,NA
1191,2017,12,30,2017-12-30,NA,150,NA,NA,NA,,NA,NA
1192,2017,12,31,2017-12-31,NA,150,NA,NA,NA,,NA,NA
1193,2018,1,1,2018-01-01,NA,150,NA,9,NA,,NA,NA
1194,2018,1,2,2018-01-02,NA,150,NA,9,NA,,NA,NA
1195,2018,1,3,2018-01-03,NA,150,NA,9,NA,,NA,NA
1196,2018,1,4,2018-01-04,NA,150,NA,9,NA,,NA,NA
1197,2018,1,5,2018-01-05,NA,150,NA,9,NA,,NA,NA
1198,2018,1,6,2018-01-06,NA,150,10,9,NA,,NA,NA
1199,2018,1,7,2018-01-07,NA,150,NA,9,NA,,NA,NA
1200,2018,1,8,2018-01-08,NA,150,NA,9,NA,65,NA,NA
1201,2018,1,9,2018-01-09,NA,150,NA,10,NA,65,NA,NA
1202,2018,1,10,2018-01-10,NA,150,NA,10,NA,65,NA,NA
1203,2018,1,11,2018-01-11,NA,150,NA,10,NA,65,NA,NA
1204,2018,1,12,2018-01-12,NA,150,NA,9,NA,65,NA,NA
1205,2018,1,13,2018-01-13,NA,150,10,9,NA,65,NA,NA
1206,2018,1,14,2018-01-14,NA,150,10,10,NA,65,NA,NA
1207,2018,1,15,2018-01-15,NA,150,5,9,NA,65,NA,NA
1208,2018,1,16,2018-01-16,NA,150,5,9,NA,60,30,68
1209,2018,1,17,2018-01-17,NA,150,5,10,NA,60,NA,NA
1210,2018,1,18,2018-01-18,NA,150,5,9,NA,60,NA,NA
1211,2018,1,19,2018-01-19,NA,150,5,9,NA,60,NA,NA
1212,2018,1,20,2018-01-20,NA,150,5,9,NA,60,NA,NA
1213,2018,1,21,2018-01-21,NA,150,5,9,NA,60,NA,NA
1214,2018,1,22,2018-01-22,NA,150,5,9,NA,60,NA,NA
1215,2018,1,23,2018-01-23,NA,150,5,9,NA,60,NA,NA
1216,2018,1,24,2018-01-24,NA,150,5,9,NA,60,NA,NA
1217,2018,1,25,2018-01-25,NA,150,5,9,NA,60,NA,NA
1218,2018,1,26,2018-01-26,NA,150,5,9,NA,60,NA,NA
1219,2018,1,27,2018-01-27,NA,150,5,8,NA,60,NA,NA
1220,2018,1,28,2018-01-28,NA,150,5,8,NA,60,NA,NA
1221,2018,1,29,2018-01-29,NA,150,5,8,NA,60,NA,NA
1222,2018,1,30,2018-01-30,NA,150,5,8,NA,60,NA,NA
1223,2018,1,31,2018-01-31,NA,150,5,8,NA,60,NA,NA
1224,2018,2,1,2018-02-01,NA,150,5,8,NA,60,NA,NA
1225,2018,2,2,2018-02-02,NA,155,5,8,NA,60,NA,NA
1226,2018,2,3,2018-02-03,NA,155,5,8,NA,60,NA,NA
1227,2018,2,4,2018-02-04,NA,160,5,9,NA,60,NA,NA
1228,2018,2,5,2018-02-05,NA,NA,NA,9,NA,60,NA,NA
1229,2018,2,6,2018-02-06,NA,NA,NA,9,NA,60,NA,NA
1230,2018,2,7,2018-02-07,NA,NA,NA,9,NA,60,NA,NA
1231,2018,2,8,2018-02-08,NA,NA,NA,9,NA,60,NA,NA
1232,2018,2,9,2018-02-09,NA,NA,NA,9,NA,60,NA,NA
1233,2018,2,10,2018-02-10,NA,NA,NA,9,NA,60,NA,NA
1234,2018,2,11,2018-02-11,NA,NA,NA,9,NA,60,NA,NA
1235,2018,2,12,2018-02-12,NA,NA,NA,9,NA,60,NA,NA
1236,2018,2,13,2018-02-13,NA,NA,NA,10,NA,60,33,70
1237,2018,2,14,2018-02-14,NA,NA,NA,10,NA,60,NA,NA
1238,2018,2,15,2018-02-15,NA,NA,NA,10,NA,60,NA,NA
1239,2018,2,16,2018-02-16,NA,NA,NA,10,NA,60,NA,NA
1239,2018,2,17,2018-02-17,NA,NA,NA,NA,NA,60,NA,NA
1240,2018,2,18,2018-02-18,NA,NA,5,NA,NA,60,NA,NA
1241,2018,2,19,2018-02-19,NA,NA,5,NA,,60,NA,NA
1242,2018,2,20,2018-02-20,NA,NA,5,NA,,60,NA,NA
1243,2018,2,21,2018-02-21,40,NA,5,NA,,60,NA,NA
1244,2018,2,22,2018-02-22,40,NA,5,NA,,70,33,65
1245,2018,2,23,2018-02-23,50,NA,5,NA,,70,33,65
1246,2018,2,24,2018-02-24,50,230,5,15,,70,33,65
1247,2018,2,25,2018-02-25,50,230,5,15,,70,33,70
1248,2018,2,26,2018-02-26,50,230,5,15,,70,33,
1249,2018,2,27,2018-02-27,50,230,5,15,,70,33,
1250,2018,2,28,2018-02-28,50,225,5,15,,70,33,
1251,2018,3,1,2018-03-01,50,225,5,15,,70,35,
1252,2018,3,2,2018-03-02,50,225,5,15,,70,35,
1253,2018,3,3,2018-03-03,50,225,5,15,,70,35,
1254,2018,3,4,2018-03-04,50,225,5,15,,70,35,
1255,2018,3,5,2018-03-05,50,225,5,15,,70,35,
1256,2018,3,6,2018-03-06,50,225,5,15,,70,35,
1257,2018,3,7,2018-03-07,50,225,5,15,,70,35,
1258,2018,3,8,2018-03-08,50,225,10,15,,70,35,
1259,2018,3,9,2018-03-09,50,225,10,15,,70,35,
1260,2018,3,10,2018-03-10,50,225,10,15,,70,35,
1261,2018,3,11,2018-03-11,50,225,15,15,,70,35,
1262,2018,3,12,2018-03-12,50,225,5,15,,70,35,
1263,2018,3,13,2018-03-13,50,220,5,15,,70,35,
1264,2018,3,14,2018-03-14,50,230,5,15,,70,,
1265,2018,3,15,2018-03-15,50,230,5,15,,75,,
1266,2018,3,16,2018-03-16,50,230,5,15,,75,,
1267,2018,3,17,2018-03-17,50,230,5,15,,75,,
1268,2018,3,18,2018-03-18,50,230,5,15,,75,,
1269,2018,3,19,2018-03-19,45,230,5,15,,75,30,
1270,2018,3,20,2018-03-20,45,230,5,15,,75,30,
1271,2018,3,21,2018-03-21,45,230,5,15,,75,30,
1272,2018,3,22,2018-03-22,45,230,5,15,,75,30,
1273,2018,3,23,2018-03-23,45,230,5,15,,75,30,
1274,2018,3,24,2018-03-24,45,230,5,15,,75,30,
1275,2018,3,25,2018-03-25,45,230,5,15,,75,30,
1276,2018,3,26,2018-03-26,50,230,5,15,,75,30,
1277,2018,3,27,2018-03-27,55,230,5,15,,75,30,
1278,2018,3,28,2018-03-28,55,230,5,15,,75,30,
1279,2018,3,29,2018-03-29,55,230,5,15,,75,30,
1280,2018,3,30,2018-03-30,55,230,5,15,,70,30,
1281,2018,3,31,2018-03-31,55,245,5,15,,70,30,
1282,2018,4,1,2018-04-01,55,245,5,15,,70,30,
1283,2018,4,2,2018-04-02,55,245,5,15,,70,30,
1284,2018,4,3,2018-04-03,55,245,5,15,,75,30,
1285,2018,4,4,2018-04-04,55,245,5,15,,75,30,
1286,2018,4,5,2018-04-05,55,245,10,15,,75,,
1287,2018,4,6,2018-04-06,55,245,10,15,,75,,
1288,2018,4,7,2018-04-07,55,275,10,15,,70,,
1289,2018,4,8,2018-04-08,55,275,5,15,,70,,
1290,2018,4,9,2018-04-09,55,275,5,15,,70,,
1291,2018,4,10,2018-04-10,55,275,5,15,,70,,
1292,2018,4,11,2018-04-11,55,275,5,15,,70,30,
1293,2018,4,12,2018-04-12,55,275,5,15,,70,30,
1294,2018,4,13,2018-04-13,55,275,5,15,,70,,
1295,2018,4,14,2018-04-14,55,275,5,10,,70,,
1296,2018,4,15,2018-04-15,55,275,5,10,5,70,,
1297,2018,4,16,2018-04-16,50,270,0,0,0,70,,
1298,2018,4,17,2018-04-17,50,270,0,0,0,70,30,
1299,2018,4,18,2018-04-18,45,270,0,0,0,70,30,
1300,2018,4,19,2018-04-19,45,265,0,0,0,65,30,
1301,2018,4,20,2018-04-20,40,265,0,0,0,65,20,
1302,2018,4,21,2018-04-21,25,255,0,0,0,60,5,
1303,2018,4,22,2018-04-22,25,255,0,0,,50,0,
1304,2018,4,23,2018-04-23,25,255,0,10,,50,,
1305,2018,4,24,2018-04-24,25,250,0,5,5,50,5,
1306,2018,4,25,2018-04-25,25,250,0,5,,50,0,
1307,2018,4,26,2018-04-26,25,250,0,0,,60,,
1308,2018,4,27,2018-04-27,25,245,0,0,,60,0,
1309,2018,4,28,2018-04-28,25,245,0,0,0,55,0,
1310,2018,4,29,2018-04-29,25,245,5,10,,55,0,
1311,2018,4,30,2018-04-30,25,245,0,5,,50,5,
1312,2018,5,1,2018-05-01,20,245,0,0,0,50,5,
1313,2018,5,2,2018-05-02,20,245,0,0,0,50,0,
1314,2018,5,3,2018-05-03,15,245,0,0,0,50,0,
1315,2018,5,4,2018-05-04,15,245,0,0,0,50,10,
1316,2018,5,5,2018-05-05,15,240,0,0,0,50,0,
1317,2018,5,6,2018-05-06,15,240,0,0,0,45,0,
1318,2018,5,7,2018-05-07,10,235,0,0,0,40,0,
1319,2018,5,8,2018-05-08,10,235,0,0,0,40,0,
1320,2018,5,9,2018-05-09,10,235,0,0,0,40,0,
1321,2018,5,10,2018-05-10,25,235,0,10,0,60,0,
1322,2018,5,11,2018-05-11,20,235,0,5,0,70,0,
1323,2018,5,12,2018-05-12,20,235,0,5,5,70,0,
1324,2018,5,13,2018-05-13,20,235,0,5,0,65,0,
1325,2018,5,14,2018-05-14,20,235,5,5,0,65,0,
1326,2018,5,15,2018-05-15,20,235,0,5,0,65,0,
1327,2018,5,16,2018-05-16,20,235,0,5,0,65,0,
1328,2018,5,17,2018-05-17,15,235,0,5,0,65,0,
1329,2018,5,18,2018-05-18,15,235,0,0,0,60,0,
1330,2018,5,19,2018-05-19,10,230,0,0,0,55,0,
1331,2018,5,20,2018-05-20,,230,0,0,0,50,0,
1332,2018,5,21,2018-05-21,,230,0,0,0,50,0,
1333,2018,5,22,2018-05-22,,230,0,0,0,50,0,
1334,2018,5,23,2018-05-23,,225,0,0,0,45,0,0
1335,2018,5,24,2018-05-24,0,220,0,0,0,35,0,0
1336,2018,5,25,2018-05-25,0,220,0,0,0,30,0,0
1337,2018,5,26,2018-05-26,0,215,0,0,0,30,0,0
1338,2018,5,27,2018-05-27,0,205,0,0,0,20,0,0
1339,2018,5,28,2018-05-28,0,200,0,0,0,0,0,0
1340,2018,5,29,2018-05-29,0,185,0,0,0,0,0,0
1341,2018,5,30,2018-05-30,0,170,0,0,0,0,0,0
1342,2018,5,31,2018-05-31,0,170,0,0,0,0,0,0
1343,2018,6,1,2018-06-01,0,170,0,0,0,0,0,0
1344,2018,6,2,2018-06-02,0,165,0,0,0,0,0,0
1345,2018,6,3,2018-06-03,0,165,0,0,0,0,0,0
1346,2018,6,4,2018-06-04,0,160,0,0,0,0,0,0
1347,2018,6,5,2018-06-05,0,150,0,0,0,0,0,0
1348,2018,6,6,2018-06-06,0,145,0,0,0,0,0,0
1349,2018,6,7,2018-06-07,0,140,0,0,0,0,0,0
1350,2018,6,8,2018-06-08,0,130,0,0,0,0,0,0
1351,2018,6,9,2018-06-09,0,115,0,0,0,0,0,0
1352,2018,6,10,2018-06-10,0,95,0,0,0,0,0,0
1353,2018,6,11,2018-06-11,0,50,0,0,0,0,0,0
1354,2018,6,12,2018-06-12,0,10,0,0,0,0,0,0
1355,2018,6,13,2018-06-13,0,0,0,0,0,0,0,0
1356,2018,6,14,2018-06-14,0,0,0,0,0,0,0,0
1357,2018,6,15,2018-06-15,0,0,0,0,0,0,0,0
1358,2018,6,16,2018-06-16,0,0,0,0,0,0,0,0
1359,2018,6,17,2018-06-17,0,0,0,0,0,0,0,0
1360,2018,6,18,2018-06-18,0,0,0,0,0,0,0,0
1361,2018,6,19,2018-06-19,0,0,0,0,0,0,0,0
1362,2018,6,20,2018-06-20,0,0,0,0,0,0,0,0
1363,2018,6,21,2018-06-21,0,0,0,0,0,0,0,0
1364,2018,6,22,2018-06-22,0,0,0,0,0,0,0,0
1365,2018,6,23,2018-06-23,0,0,0,0,0,0,0,0
1366,2018,6,24,2018-06-24,0,0,0,0,0,0,0,0
1367,2018,6,25,2018-06-25,0,0,0,0,0,0,0,0
1368,2018,6,26,2018-06-26,0,0,0,0,0,0,0,0
1369,2018,6,27,2018-06-27,0,0,0,0,0,0,0,0
1370,2018,6,28,2018-06-28,0,0,0,0,0,0,0,0
1371,2018,6,29,2018-06-29,0,0,0,0,0,0,0,0
1372,2018,6,30,2018-06-30,0,0,0,0,0,0,0,0
1373,2018,7,1,2018-07-01,0,0,0,0,0,0,0,0
1374,2018,7,2,2018-07-02,0,0,0,0,0,0,0,0
1375,2018,7,3,2018-07-03,0,0,0,0,0,0,0,0
1376,2018,7,4,2018-07-04,0,0,0,0,0,0,0,0
1377,2018,7,5,2018-07-05,0,0,0,0,0,0,0,0
1378,2018,7,6,2018-07-06,0,0,0,0,0,0,0,0
1379,2018,7,7,2018-07-07,0,0,0,0,0,0,0,0
1380,2018,7,8,2018-07-08,0,0,0,0,0,0,0,0
1381,2018,7,9,2018-07-09,0,0,0,0,0,0,0,0
1382,2018,7,10,2018-07-10,0,0,0,0,0,0,0,0
1383,2018,7,11,2018-07-11,0,0,0,0,0,0,0,0
1384,2018,7,12,2018-07-12,0,0,0,0,0,0,0,0
1385,2018,7,13,2018-07-13,0,0,0,0,0,0,0,0
1386,2018,7,14,2018-07-14,0,0,0,0,0,0,0,0
1387,2018,7,15,2018-07-15,0,0,0,0,0,0,0,0
1388,2018,7,16,2018-07-16,0,0,0,0,0,0,0,0
1389,2018,7,17,2018-07-17,0,0,0,0,0,0,0,0
1390,2018,7,18,2018-07-18,0,0,0,0,0,0,0,0
1391,2018,7,19,2018-07-19,0,0,0,0,0,0,0,0
1392,2018,7,20,2018-07-20,0,0,0,0,0,0,0,0
1393,2018,7,21,2018-07-21,0,0,0,0,0,0,0,0
1394,2018,7,22,2018-07-22,0,0,0,0,0,0,0,0
1395,2018,7,23,2018-07-23,0,0,0,0,0,0,0,0
1396,2018,7,24,2018-07-24,0,0,0,0,0,0,0,0
1397,2018,7,25,2018-07-25,0,0,0,0,0,0,0,0
1398,2018,7,26,2018-07-26,0,0,0,0,0,0,0,0
1399,2018,7,27,2018-07-27,0,0,0,0,0,0,0,0
1400,2018,7,28,2018-07-28,0,0,0,0,0,0,0,0
1401,2018,7,29,2018-07-29,0,0,0,0,0,0,0,0
1402,2018,7,30,2018-07-30,0,0,0,0,0,0,0,0
1403,2018,7,31,2018-07-31,0,0,0,0,0,0,0,0
1404,2018,8,1,2018-08-01,0,0,0,0,0,0,0,0
1405,2018,8,2,2018-08-02,0,0,0,0,0,0,0,0
1406,2018,8,3,2018-08-03,0,0,0,0,0,0,0,0
1407,2018,8,4,2018-08-04,0,0,0,0,0,0,0,0
1408,2018,8,5,2018-08-05,0,0,0,0,0,0,0,0
1409,2018,8,6,2018-08-06,0,0,0,0,0,0,0,0
1410,2018,8,7,2018-08-07,0,0,0,0,0,0,0,0
1411,2018,8,8,2018-08-08,0,0,0,0,0,0,0,0
1412,2018,8,9,2018-08-09,0,0,0,0,0,0,0,0
1413,2018,8,10,2018-08-10,0,0,0,0,0,0,0,0
1414,2018,8,11,2018-08-11,0,0,0,0,0,0,0,0
1415,2018,8,12,2018-08-12,0,0,0,0,0,0,0,0
1416,2018,8,13,2018-08-13,0,0,0,0,0,0,0,0
1417,2018,8,14,2018-08-14,0,0,0,0,0,0,0,0
1418,2018,8,15,2018-08-15,0,0,0,0,0,0,0,0
1419,2018,8,16,2018-08-16,0,0,0,0,0,0,0,0
1420,2018,8,17,2018-08-17,0,0,0,0,0,0,0,0
1421,2018,8,18,2018-08-18,0,0,0,0,0,0,0,0
1422,2018,8,19,2018-08-19,0,0,0,0,0,0,0,0
1423,2018,8,20,2018-08-20,0,0,0,0,0,0,0,0
1424,2018,8,21,2018-08-21,0,0,0,0,0,0,0,0
1425,2018,8,22,2018-08-22,0,0,0,0,0,0,0,0
1426,2018,8,23,2018-08-23,0,0,0,0,0,0,0,0
1427,2018,8,24,2018-08-24,0,0,0,0,0,0,0,0
1428,2018,8,25,2018-08-25,0,0,0,0,0,0,0,0
1429,2018,8,26,2018-08-26,0,0,0,0,0,0,0,0
1430,2018,8,27,2018-08-27,0,0,0,0,0,0,0,0
1431,2018,8,28,2018-08-28,0,0,0,0,0,0,0,0
1432,2018,8,29,2018-08-29,0,0,0,0,0,0,0,0
1433,2018,8,30,2018-08-30,0,0,0,0,0,0,0,0
1434,2018,8,31,2018-08-31,0,0,0,0,0,0,0,0
1435,2018,9,1,2018-09-01,0,0,0,0,0,0,0,0
1436,2018,9,2,2018-09-02,0,0,0,0,0,0,0,0
1437,2018,9,3,2018-09-03,0,0,0,0,0,0,0,0
1438,2018,9,4,2018-09-04,0,0,0,0,0,0,0,0
1439,2018,9,5,2018-09-05,0,0,0,0,0,0,0,0
1440,2018,9,6,2018-09-06,0,0,0,0,0,0,0,0
1441,2018,9,7,2018-09-07,0,0,0,0,0,0,0,0
1442,2018,9,8,2018-09-08,0,0,0,0,0,0,0,0
1443,2018,9,9,2018-09-09,0,0,0,0,0,0,0,0
1444,2018,9,10,2018-09-10,0,0,0,0,0,0,0,0
1445,2018,9,11,2018-09-11,0,0,0,0,0,0,0,0
1446,2018,9,12,2018-09-12,0,0,0,0,0,0,0,0
1447,2018,9,13,2018-09-13,0,0,0,0,0,0,0,0
1448,2018,9,14,2018-09-14,0,0,0,0,0,0,0,0
1449,2018,9,15,2018-09-15,0,0,0,0,0,0,0,0
1450,2018,9,16,2018-09-16,0,0,0,0,0,0,0,0
1451,2018,9,17,2018-09-17,0,0,0,0,0,0,0,0
1452,2018,9,18,2018-09-18,0,0,0,0,0,0,0,0
1453,2018,9,19,2018-09-19,0,0,0,0,0,0,,
1454,2018,9,20,2018-09-20,0,0,0,0,0,0,0,0
1455,2018,9,21,2018-09-21,0,0,0,0,0,0,0,0
1456,2018,9,22,2018-09-22,0,0,0,0,0,5,0,0
1457,2018,9,23,2018-09-23,0,0,0,0,0,0,0,0
1458,2018,9,24,2018-09-24,0,0,0,0,0,0,0,0
1459,2018,9,25,2018-09-25,0,0,0,0,0,0,0,0
1460,2018,9,26,2018-09-26,0,0,0,0,0,0,0,0
1461,2018,9,27,2018-09-27,5,0,0,5,0,0,0,0
1462,2018,9,28,2018-09-28,5,0,0,0,0,0,0,0
1463,2018,9,29,2018-09-29,0,0,0,0,0,0,0,0
1464,2018,9,30,2018-09-30,5,0,0,0,0,5,0,0
1465,2018,10,1,2018-10-01,0,0,0,0,0,5,0,0
1466,2018,10,2,2018-10-02,0,0,0,0,0,5,0,0
1467,2018,10,3,2018-10-03,0,0,0,0,0,0,0,0
1468,2018,10,4,2018-10-04,0,0,0,5,0,5,0,0
1469,2018,10,5,2018-10-05,0,0,0,0,0,0,0,0
1470,2018,10,6,2018-10-06,0,0,0,0,0,0,0,0
1471,2018,10,7,2018-10-07,0,0,0,0,0,0,5,5
1472,2018,10,8,2018-10-08,0,0,0,0,0,0,5,5
1473,2018,10,9,2018-10-09,0,0,0,5,0,5,5,5
1474,2018,10,10,2018-10-10,0,0,0,0,0,5,5,5
1475,2018,10,11,2018-10-11,0,0,0,0,0,5,5,5
1476,2018,10,12,2018-10-12,0,0,0,0,0,0,0,0
1477,2018,10,13,2018-10-13,0,0,0,0,0,0,0,0
1478,2018,10,14,2018-10-14,5,5,5,5,5,5,0,0
1479,2018,10,15,2018-10-15,5,5,0,5,5,5,0,0
1480,2018,10,16,2018-10-16,5,5,5,10,,10,5,5
1481,2018,10,17,2018-10-17,5,5,5,10,,10,5,5
1482,2018,10,18,2018-10-18,5,5,5,10,,10,5,5
1483,2018,10,19,2018-10-19,5,5,0,10,,10,5,5
1484,2018,10,20,2018-10-20,5,10,5,10,,10,5,5
1485,2018,10,21,2018-10-21,10,10,5,10,,10,5,5
1486,2018,10,22,2018-10-22,10,10,5,10,,15,10,5
1487,2018,10,23,2018-10-23,10,10,5,10,,15,10,5
1488,2018,10,24,2018-10-24,10,10,5,15,,15,10,5
1489,2018,10,25,2018-10-25,10,15,5,15,,15,10,5
1490,2018,10,26,2018-10-26,10,15,5,10,,15,5,5
1491,2018,10,27,2018-10-27,10,10,5,10,,15,5,5
1492,2018,10,28,2018-10-28,10,10,5,10,5,15,5,5
1493,2018,10,29,2018-10-29,10,10,0,10,5,15,5,5
1494,2018,10,30,2018-10-30,10,10,5,5,5,15,5,5
1495,2018,10,31,2018-10-31,10,10,5,5,,,5,5
1496,2018,11,1,2018-11-01,10,10,5,10,,,5,5
1497,2018,11,2,2018-11-02,15,15,5,10,,,5,
1498,2018,11,3,2018-11-03,,15,5,10,,,5,
1499,2018,11,4,2018-11-04,,15,5,10,,,10,
1500,2018,11,5,2018-11-05,,15,5,10,,,,
1501,2018,11,6,2018-11-06,,15,5,10,,,,
1502,2018,11,7,2018-11-07,,15,5,10,,,,
1503,2018,11,8,2018-11-08,,20,5,10,,,,
1504,2018,11,9,2018-11-09,,25,5,10,,,,
1505,2018,11,10,2018-11-10,,25,5,10,,,20,
1506,2018,11,11,2018-11-11,,25,5,10,,,20,
1507,2018,11,12,2018-11-12,,35,5,10,,,20,
1508,2018,11,13,2018-11-13,,35,5,10,,,20,
1509,2018,11,14,2018-11-14,,35,5,10,,,20,
1510,2018,11,15,2018-11-15,,35,5,10,,,,
1511,2018,11,16,2018-11-16,,40,5,10,,,,
1512,2018,11,17,2018-11-17,35,40,5,10,,,,
1513,2018,11,18,2018-11-18,35,40,5,10,,,,
1514,2018,11,19,2018-11-19,35,40,5,10,,,,
1515,2018,11,20,2018-11-20,35,40,5,10,,,,
1516,2018,11,21,2018-11-21,30,40,5,10,,,,
1517,2018,11,22,2018-11-22,30,40,5,10,,,,
1518,2018,11,23,2018-11-23,30,40,5,10,,,,
1519,2018,11,24,2018-11-24,,120,,10,,,35,
1520,2018,11,25,2018-11-25,,100,,10,,,,
1521,2018,11,26,2018-11-26,,NA,,10,,,,
1522,2018,11,27,2018-11-27,,NA,,10,,,,
1523,2018,11,28,2018-11-28,,100,,10,,,,
1524,2018,11,29,2018-11-29,,NA,,10,,,,
1525,2018,11,30,2018-11-30,,NA,,15,,,,
1526,2018,12,1,2018-12-01,,NA,,15,,,,
1527,2018,12,2,2018-12-02,,NA,,15,,,,
1528,2018,12,3,2018-12-03,,95,5,15,,,,
1529,2018,12,4,2018-12-04,,95,5,15,,,,
1530,2018,12,5,2018-12-05,,95,5,10,,,,
1531,2018,12,6,2018-12-06,,95,5,10,,,,
1532,2018,12,7,2018-12-07,,95,5,10,,,,
1533,2018,12,8,2018-12-08,40,95,5,10,,,,
1534,2018,12,9,2018-12-09,40,95,5,10,,,,
1535,2018,12,10,2018-12-10,40,95,5,10,,,,
1536,2018,12,11,2018-12-11,40,95,5,10,,,,
1537,2018,12,12,2018-12-12,40,95,10,10,,,,
1538,2018,12,13,2018-12-13,40,95,10,15,5,,,
1539,2018,12,14,2018-12-14,40,95,5,15,,,,
1540,2018,12,15,2018-12-15,40,NA,,15,,,,
1541,2018,12,16,2018-12-16,,NA,,15,,,,
1542,2018,12,17,2018-12-17,,NA,,10,,,,
1543,2018,12,18,2018-12-18,,NA,,10,,,,
1544,2018,12,19,2018-12-19,,NA,,,,,,
1545,2018,12,20,2018-12-20,,NA,10,,,,,
1546,2018,12,21,2018-12-21,,NA,10,,,,,
1547,2018,12,22,2018-12-22,,NA,,,,,,
1548,2018,12,23,2018-12-23,,NA,,,,,,
1549,2018,12,24,2018-12-24,,NA,,,,,,
1550,2018,12,25,2018-12-25,,NA,10,,,,,
1551,2018,12,26,2018-12-26,,NA,5,15,,,,
1552,2018,12,27,2018-12-27,,NA,5,15,,,,
1553,2018,12,28,2018-12-28,,NA,5,15,,,,
1554,2018,12,29,2018-12-29,,NA,5,15,,,,
1555,2018,12,30,2018-12-30,,NA,5,15,,,,
1556,2018,12,31,2018-12-31,,NA,5,15,,,,
1557,2019,1,1,2019-01-01,,NA,5,15,,,,
1558,2019,1,2,2019-01-02,,NA,5,15,,,,
1559,2019,1,3,2019-01-03,,NA,5,15,,,,
1560,2019,1,4,2019-01-04,,NA,10,15,,,,
1561,2019,1,5,2019-01-05,,NA,10,15,,,,
1562,2019,1,6,2019-01-06,,NA,10,15,,,,
1563,2019,1,7,2019-01-07,,NA,10,15,,,,
1564,2019,1,8,2019-01-08,,NA,,10,,,,
1565,2019,1,9,2019-01-09,,170,,10,,,,
1566,2019,1,10,2019-01-10,,170,,10,,,,
1567,2019,1,11,2019-01-11,,170,,10,,,,
1568,2019,1,12,2019-01-12,,NA,5,10,,,,
1569,2019,1,13,2019-01-13,,NA,,10,,,,
1570,2019,1,14,2019-01-14,,NA,,10,,,,
1571,2019,1,15,2019-01-15,,NA,,10,,,,
1572,2019,1,16,2019-01-16,,NA,,10,,,,
1573,2019,1,17,2019-01-17,,NA,,10,,,,
1574,2019,1,18,2019-01-18,,NA,,10,,,,
1575,2019,1,19,2019-01-19,,NA,,10,,,,
1576,2019,1,20,2019-01-20,,NA,,10,,,,
1577,2019,1,21,2019-01-21,,NA,,,,,,
1578,2019,1,22,2019-01-22,,NA,,,,,,
1579,2019,1,23,2019-01-23,,NA,,,,,,
1580,2019,1,24,2019-01-24,,NA,,,,,,
1581,2019,1,25,2019-01-25,,NA,,,,,,
1582,2019,1,26,2019-01-26,,190,,,,,,
1583,2019,1,27,2019-01-27,,190,,,,,,
1584,2019,1,28,2019-01-28,,190,,,,,,
1585,2019,1,29,2019-01-29,,190,,,,,,
1586,2019,1,30,2019-01-30,,190,,,,,,
1587,2019,1,31,2019-01-31,,190,,,,,,
1588,2019,2,1,2019-02-01,,NA,,,,,,
1589,2019,2,2,2019-02-02,,NA,,,,,,
1590,2019,2,3,2019-02-03,,NA,,,,,,
1591,2019,2,4,2019-02-04,,NA,,,,,,
1592,2019,2,5,2019-02-05,,NA,,,,,,
1593,2019,2,6,2019-02-06,,NA,,,,,,
1594,2019,2,7,2019-02-07,,NA,,,,,,
1595,2019,2,8,2019-02-08,,NA,,,,,,
1596,2019,2,9,2019-02-09,,NA,,10,,,,
1597,2019,2,10,2019-02-10,,190,,10,,,,
1598,2019,2,11,2019-02-11,,190,,10,,,,
1599,2019,2,12,2019-02-12,,190,,10,,,30,
1600,2019,2,13,2019-02-13,,190,,10,,,30,
1601,2019,2,14,2019-02-14,,190,,10,,,30,
1602,2019,2,15,2019-02-15,,190,,10,,,30,
1603,2019,2,16,2019-02-16,,195,,10,,,30,
1604,2019,2,17,2019-02-17,,195,,10,,,30,
1605,2019,2,18,2019-02-18,,195,,10,,90,30,
1606,2019,2,19,2019-02-19,,195,,10,,90,30,
1607,2019,2,20,2019-02-20,,195,,10,,90,30,
1608,2019,2,21,2019-02-21,,195,,10,,90,30,
1609,2019,2,22,2019-02-22,,195,,10,,90,30,
1610,2019,2,23,2019-02-23,,195,,10,,90,30,
1611,2019,2,24,2019-02-24,,195,,10,,90,NA,
1612,2019,2,25,2019-02-25,,195,,10,,90,NA,
1613,2019,2,26,2019-02-26,,195,,10,,90,NA,
1614,2019,2,27,2019-02-27,,195,,10,5,90,NA,
1615,2019,2,28,2019-02-28,,195,5,10,5,90,NA,
1616,2019,3,1,2019-03-01,,195,5,10,5,90,NA,
1617,2019,3,2,2019-03-02,,195,5,10,5,90,NA,
1618,2019,3,3,2019-03-03,,195,5,10,5,90,NA,
1619,2019,3,4,2019-03-04,55,195,5,10,5,90,NA,
1620,2019,3,5,2019-03-05,55,195,5,10,5,90,NA,
1621,2019,3,6,2019-03-06,55,205,5,10,5,90,NA,
1622,2019,3,7,2019-03-07,55,205,5,10,5,90,35,
1623,2019,3,8,2019-03-08,55,205,5,10,5,90,35,
1624,2019,3,9,2019-03-09,55,205,5,10,5,90,35,
1625,2019,3,10,2019-03-10,55,205,5,10,5,90,35,
1626,2019,3,11,2019-03-11,55,205,5,10,5,90,40,
1627,2019,3,12,2019-03-12,55,205,5,10,5,95,40,
1628,2019,3,13,2019-03-13,55,205,5,10,5,,40,
1629,2019,3,14,2019-03-14,55,205,5,10,5,,40,
1630,2019,3,15,2019-03-15,55,205,5,10,5,,40,
1631,2019,3,16,2019-03-16,55,205,5,10,5,,40,
1632,2019,3,17,2019-03-17,55,205,5,10,5,,40,
1633,2019,3,18,2019-03-18,55,205,5,10,5,,40,
1634,2019,3,19,2019-03-19,55,205,5,10,5,,40,
1635,2019,3,20,2019-03-20,55,205,5,10,5,,40,
1636,2019,3,21,2019-03-21,50,205,5,10,5,,40,
1637,2019,3,22,2019-03-22,50,205,5,5,5,,40,
1638,2019,3,23,2019-03-23,50,200,5,5,5,,40,
1639,2019,3,24,2019-03-24,50,200,5,5,5,,40,
1640,2019,3,25,2019-03-25,50,200,5,5,5,,40,
1641,2019,3,26,2019-03-26,50,200,0,5,5,,40,
1642,2019,3,27,2019-03-27,50,200,5,5,5,,40,
1643,2019,3,28,2019-03-28,50,200,5,5,5,,40,
1644,2019,3,29,2019-03-29,50,200,5,5,5,,40,
1645,2019,3,30,2019-03-30,50,200,5,5,5,,40,
1646,2019,3,31,2019-03-31,50,210,5,5,5,,40,
1647,2019,4,1,2019-04-01,55,205,5,5,5,,40,
1648,2019,4,2,2019-04-02,55,205,5,5,5,,40,
1649,2019,4,3,2019-04-03,55,205,5,5,5,,40,
1650,2019,4,4,2019-04-04,55,205,5,5,5,,40,
1651,2019,4,5,2019-04-05,55,210,5,5,5,,40,
1652,2019,4,6,2019-04-06,55,210,5,5,5,,40,
1653,2019,4,7,2019-04-07,55,210,5,5,5,,40,
1654,2019,4,8,2019-04-08,55,210,5,5,5,,40,
1655,2019,4,9,2019-04-09,55,210,5,5,5,,40,
1656,2019,4,10,2019-04-10,55,210,5,5,5,,40,
1657,2019,4,11,2019-04-11,55,210,5,5,5,,40,
1658,2019,4,12,2019-04-12,55,210,0,5,0,,40,
1659,2019,4,13,2019-04-13,55,210,0,0,0,,40,
1660,2019,4,14,2019-04-14,45,205,0,0,0,,40,
1661,2019,4,15,2019-04-15,45,200,0,0,0,,35,
1662,2019,4,16,2019-04-16,35,195,0,0,0,,30,
1663,2019,4,17,2019-04-17,35,195,5,5,5,,30,
1664,2019,4,18,2019-04-18,35,195,0,0,0,,30,
1665,2019,4,19,2019-04-19,35,195,0,5,0,,30,
1666,2019,4,20,2019-04-20,NA,230,0,5,5,,30,
1667,2019,4,21,2019-04-21,45,230,5,5,5,,25,
1668,2019,4,22,2019-04-22,40,230,0,5,5,,25,
1669,2019,4,23,2019-04-23,35,225,0,0,0,,25,
1670,2019,4,24,2019-04-24,30,215,0,0,0,,10,
1671,2019,4,25,2019-04-25,35,215,5,5,5,,10,
1672,2019,4,26,2019-04-26,35,215,0,0,5,,10,
1673,2019,4,27,2019-04-27,35,215,0,5,5,,10,
1674,2019,4,28,2019-04-28,35,215,0,5,0,,10,
1675,2019,4,29,2019-04-29,35,215,0,0,0,,5,
1676,2019,4,30,2019-04-30,35,215,0,0,0,,5,
1677,2019,5,1,2019-05-01,25,210,0,0,0,,0,
1678,2019,5,2,2019-05-02,25,210,0,0,0,,0,
1679,2019,5,3,2019-05-03,25,205,0,0,0,,0,
1680,2019,5,4,2019-05-04,20,205,0,0,0,,0,
1681,2019,5,5,2019-05-05,20,205,0,0,0,,0,
1682,2019,5,6,2019-05-06,20,205,0,0,0,,0,
1683,2019,5,7,2019-05-07,20,205,0,0,0,,0,
1684,2019,5,8,2019-05-08,20,205,0,0,0,,0,
1685,2019,5,9,2019-05-09,20,205,0,0,0,,0,
1686,2019,5,10,2019-05-10,10,200,0,0,0,,0,
1687,2019,5,11,2019-05-11,10,195,0,0,0,,0,
1688,2019,5,12,2019-05-12,10,195,0,0,0,,0,
1689,2019,5,13,2019-05-13,15,200,5,10,0,,5,
1690,2019,5,14,2019-05-14,15,210,0,5,5,,0,
1691,2019,5,15,2019-05-15,15,205,0,0,5,,0,
1692,2019,5,16,2019-05-16,15,200,0,5,5,,0,
1693,2019,5,17,2019-05-17,15,195,0,0,0,,0,
1694,2019,5,18,2019-05-18,,195,0,0,0,,0,
1695,2019,5,19,2019-05-19,,195,0,0,0,,0,
1696,2019,5,20,2019-05-20,,190,0,0,0,,0,
1697,2019,5,21,2019-05-21,,185,0,0,0,,0,
1698,2019,5,22,2019-05-22,,185,0,0,0,,0,
1699,2019,5,23,2019-05-23,,185,0,0,0,,0,
1700,2019,5,24,2019-05-24,0,185,0,0,0,,0,
1701,2019,5,25,2019-05-25,0,180,0,0,0,,0,
1702,2019,5,26,2019-05-26,0,175,0,0,0,,0,
1703,2019,5,27,2019-05-27,0,170,0,0,0,,0,
1704,2019,5,28,2019-05-28,0,165,0,0,0,,0,0
1705,2019,5,29,2019-05-29,0,165,0,0,0,,0,0
1706,2019,5,30,2019-05-30,0,165,0,0,0,,0,0
1707,2019,5,31,2019-05-31,0,155,0,0,0,,0,0
1708,2019,6,1,2019-06-01,0,155,0,,0,,0,0
1709,2019,6,2,2019-06-02,0,150,0,,0,,0,0
1710,2019,6,3,2019-06-03,0,150,0,,0,,0,0
1711,2019,6,4,2019-06-04,0,145,0,,0,,0,0
1712,2019,6,5,2019-06-05,0,135,0,,0,,0,0
1713,2019,6,6,2019-06-06,0,125,0,,0,,0,0
1714,2019,6,7,2019-06-07,0,110,0,,0,,0,0
1715,2019,6,8,2019-06-08,0,100,0,,0,,0,0
1716,2019,6,9,2019-06-09,0,90,0,,0,,0,0
1717,2019,6,10,2019-06-10,0,80,0,,0,,0,0
1718,2019,6,11,2019-06-11,0,80,0,,0,,0,0
1719,2019,6,12,2019-06-12,0,NA,0,,0,,0,0
1720,2019,6,13,2019-06-13,0,NA,0,,0,,0,0
1721,2019,6,14,2019-06-14,0,NA,0,,0,,0,0
1722,2019,6,15,2019-06-15,0,NA,0,,0,,0,0
1723,2019,6,16,2019-06-16,0,NA,0,,0,,0,0
1724,2019,6,17,2019-06-17,0,NA,0,,0,,0,0
1725,2019,6,18,2019-06-18,0,NA,0,,0,,0,0
1726,2019,6,19,2019-06-19,0,0,0,,0,,0,0
1727,2019,6,20,2019-06-20,0,0,0,,0,,0,0
1728,2019,6,21,2019-06-21,0,0,0,,0,,0,0
1729,2019,6,22,2019-06-22,0,0,0,,0,,0,0
1730,2019,6,23,2019-06-23,0,0,0,,0,,0,0
1731,2019,6,24,2019-06-24,0,0,0,,0,,0,0
1732,2019,6,25,2019-06-25,0,0,0,,0,,0,0
1733,2019,6,26,2019-06-26,0,0,0,,0,,0,0
1734,2019,6,27,2019-06-27,0,0,0,,0,,0,0
1735,2019,6,28,2019-06-28,0,0,0,,0,,0,0
1736,2019,6,29,2019-06-29,0,0,0,,0,,0,0
1737,2019,6,30,2019-06-30,0,0,0,,0,,0,0
1738,2019,7,1,2019-07-01,0,0,0,,0,,0,0
1739,2019,7,2,2019-07-02,0,0,0,,0,,0,0
1740,2019,7,3,2019-07-03,0,0,0,,0,,0,0
1741,2019,7,4,2019-07-04,0,0,0,,0,,0,0
1742,2019,7,5,2019-07-05,0,0,0,,0,,0,0
1743,2019,7,6,2019-07-06,0,0,0,,0,,0,0
1744,2019,7,7,2019-07-07,0,0,0,,0,,0,0
1745,2019,7,8,2019-07-08,0,0,0,,0,,0,0
1746,2019,7,9,2019-07-09,0,0,0,,0,,0,0
1747,2019,7,10,2019-07-10,0,0,0,,0,,0,0
1748,2019,7,11,2019-07-11,0,0,0,,0,,0,0
1749,2019,7,12,2019-07-12,0,0,0,,0,,0,0
1750,2019,7,13,2019-07-13,0,0,0,,0,,0,0
1751,2019,7,14,2019-07-14,0,0,0,,0,,0,0
1752,2019,7,15,2019-07-15,0,0,0,,0,,0,0
1753,2019,7,16,2019-07-16,0,0,0,,0,,0,0
1754,2019,7,17,2019-07-17,0,0,0,,0,,0,0
1755,2019,7,18,2019-07-18,0,0,0,,0,,0,0
1756,2019,7,19,2019-07-19,0,0,0,,0,,0,0
1757,2019,7,20,2019-07-20,0,0,0,,0,,0,0
1758,2019,7,21,2019-07-21,0,0,0,,0,,0,0
1759,2019,7,22,2019-07-22,0,0,0,,0,,0,0
1760,2019,7,23,2019-07-23,0,0,0,,0,,0,0
1761,2019,7,24,2019-07-24,0,0,0,,0,,0,0
1762,2019,7,25,2019-07-25,0,0,0,,0,,0,0
1763,2019,7,26,2019-07-26,0,0,0,,0,,0,0
1764,2019,7,27,2019-07-27,0,0,0,,0,,0,0
1765,2019,7,28,2019-07-28,0,0,0,,0,,0,0
1766,2019,7,29,2019-07-29,0,0,0,,0,,0,0
1767,2019,7,30,2019-07-30,0,0,0,,0,,0,0
1768,2019,7,31,2019-07-31,0,0,0,,0,,0,0
1769,2019,8,1,2019-08-01,0,0,0,,0,,0,0
1770,2019,8,2,2019-08-02,0,0,0,,0,,0,0
1771,2019,8,3,2019-08-03,0,0,0,,0,,0,0
1772,2019,8,4,2019-08-04,0,0,0,,0,,0,0
1773,2019,8,5,2019-08-05,0,0,0,,0,,0,0
1774,2019,8,6,2019-08-06,0,0,0,,0,,0,0
1775,2019,8,7,2019-08-07,0,0,0,,0,,0,0
1776,2019,8,8,2019-08-08,0,0,0,,0,,0,0
1777,2019,8,9,2019-08-09,0,0,0,,0,,0,0
1778,2019,8,10,2019-08-10,0,0,0,,0,,0,0
1779,2019,8,11,2019-08-11,0,0,0,,0,,0,0
1780,2019,8,12,2019-08-12,0,0,0,,0,,0,0
1781,2019,8,13,2019-08-13,0,0,0,,0,,0,0
1782,2019,8,14,2019-08-14,0,0,0,,0,,0,0
1783,2019,8,15,2019-08-15,0,0,0,,0,,0,0
1784,2019,8,16,2019-08-16,0,0,0,,0,,0,0
1785,2019,8,17,2019-08-17,0,0,0,,0,,0,0
1786,2019,8,18,2019-08-18,0,0,0,,0,,0,0
1787,2019,8,19,2019-08-19,0,0,0,,0,,0,0
1788,2019,8,20,2019-08-20,0,0,0,,0,,0,0
1789,2019,8,21,2019-08-21,0,0,0,,0,,0,0
1790,2019,8,22,2019-08-22,0,0,0,,0,,0,0
1791,2019,8,23,2019-08-23,0,0,0,,0,,0,0
1792,2019,8,24,2019-08-24,0,0,0,,0,,0,0
1793,2019,8,25,2019-08-25,0,0,0,,0,,0,0
1794,2019,8,26,2019-08-26,0,0,0,,0,,0,0
1795,2019,8,27,2019-08-27,0,0,0,,0,,0,0
1796,2019,8,28,2019-08-28,0,0,0,,0,,0,0
1797,2019,8,29,2019-08-29,0,0,0,,0,,0,0
1798,2019,8,30,2019-08-30,0,0,0,,0,,0,0
1799,2019,8,31,2019-08-31,0,0,0,,0,,0,0
1800,2019,9,1,2019-09-01,0,0,0,,0,,0,0
1801,2019,9,2,2019-09-02,0,0,0,,0,,0,0
1802,2019,9,3,2019-09-03,0,0,0,,0,,0,0
1803,2019,9,4,2019-09-04,0,0,0,,0,,0,0
1804,2019,9,5,2019-09-05,0,0,0,,0,,0,0
1805,2019,9,6,2019-09-06,0,0,0,,0,,0,0
1806,2019,9,7,2019-09-07,0,0,0,,0,,0,0
1807,2019,9,8,2019-09-08,0,0,0,,0,,0,0
1808,2019,9,9,2019-09-09,0,0,0,,0,,0,0
1809,2019,9,10,2019-09-10,0,0,0,,0,,0,0
1810,2019,9,11,2019-09-11,0,0,0,,0,,0,0
1811,2019,9,12,2019-09-12,0,0,0,,0,,0,0
1812,2019,9,13,2019-09-13,0,0,0,,0,,0,0
1813,2019,9,14,2019-09-14,0,0,0,,0,,0,0
1814,2019,9,15,2019-09-15,0,0,0,,0,,0,0
1815,2019,9,16,2019-09-16,0,0,0,,0,,0,0
1816,2019,9,17,2019-09-17,0,0,0,,0,,0,0
1817,2019,9,18,2019-09-18,0,0,0,,0,,0,0
1818,2019,9,19,2019-09-19,0,0,0,,0,,0,0
1819,2019,9,20,2019-09-20,0,0,0,,0,,0,0
1820,2019,9,21,2019-09-21,0,0,0,,0,,0,0
1821,2019,9,22,2019-09-22,0,0,0,0,0,,0,0
1822,2019,9,23,2019-09-23,0,0,0,0,0,,0,0
1823,2019,9,24,2019-09-24,0,0,0,0,0,,0,0
1824,2019,9,25,2019-09-25,0,0,0,0,0,,0,0
1825,2019,9,26,2019-09-26,0,0,0,0,0,,0,0
1826,2019,9,27,2019-09-27,5,0,0,5,5,,5,10
1827,2019,9,28,2019-09-28,10,0,0,5,5,,5,5
1828,2019,9,29,2019-09-29,5,0,0,0,0,,0,0
1829,2019,9,30,2019-09-30,5,0,0,0,0,,0,0
1830,2019,10,1,2019-10-01,5,0,0,0,0,,0,0
1831,2019,10,2,2019-10-02,0,0,0,0,0,,0,0
1832,2019,10,3,2019-10-03,0,0,0,0,0,,0,0
1833,2019,10,4,2019-10-04,0,0,0,0,0,,0,0
1834,2019,10,5,2019-10-05,0,0,0,0,0,,0,0
1835,2019,10,6,2019-10-06,0,0,0,0,0,,0,0
1836,2019,10,7,2019-10-07,0,0,0,0,0,,0,0
1837,2019,10,8,2019-10-08,0,0,0,0,0,,0,0
1838,2019,10,9,2019-10-09,0,0,0,0,0,,0,0
1839,2019,10,10,2019-10-10,0,0,0,0,0,,0,0
1840,2019,10,11,2019-10-11,0,0,0,0,0,,0,0
1841,2019,10,12,2019-10-12,0,0,0,0,0,,0,0
1842,2019,10,13,2019-10-13,0,0,0,0,0,,0,0
1843,2019,10,14,2019-10-14,0,0,0,0,0,,0,0
1844,2019,10,15,2019-10-15,0,0,0,0,0,,0,0
1845,2019,10,16,2019-10-16,5,0,0,0,0,,0,0
1846,2019,10,17,2019-10-17,0,0,0,0,0,,0,0
1847,2019,10,18,2019-10-18,0,0,0,0,0,,0,0
1848,2019,10,19,2019-10-19,0,0,0,0,0,,0,0
1849,2019,10,20,2019-10-20,0,0,0,0,0,,0,0
1850,2019,10,21,2019-10-21,0,0,0,0,0,,0,0
1851,2019,10,22,2019-10-22,0,0,0,0,0,,0,0
1852,2019,10,23,2019-10-23,5,0,5,5,5,,10,10
1853,2019,10,24,2019-10-24,5,0,0,5,5,,10,10
1854,2019,10,25,2019-10-25,5,0,0,0,0,,10,10
1855,2019,10,26,2019-10-26,5,0,0,0,0,,10,10
1856,2019,10,27,2019-10-27,,5,5,10,NA,,,
1857,2019,10,28,2019-10-28,,5,5,10,NA,,,
1858,2019,10,29,2019-10-29,,5,10,15,NA,,,
1859,2019,10,30,2019-10-30,,5,10,15,NA,,,
1860,2019,10,31,2019-10-31,,10,10,15,NA,,,
1861,2019,11,1,2019-11-01,,15,10,15,NA,,,
1862,2019,11,2,2019-11-02,,20,10,15,NA,,,
1863,2019,11,3,2019-11-03,,20,10,15,NA,,,
1864,2019,11,4,2019-11-04,,40,10,15,NA,,,
1865,2019,11,5,2019-11-05,,45,10,15,NA,,,
1866,2019,11,6,2019-11-06,,45,10,15,NA,,,
1867,2019,11,7,2019-11-07,,40,10,15,NA,,,
1868,2019,11,8,2019-11-08,,40,10,15,NA,,,
1869,2019,11,9,2019-11-09,,40,10,15,NA,,,
1870,2019,11,10,2019-11-10,,40,10,15,NA,,,
1871,2019,11,11,2019-11-11,,40,10,15,NA,,,
1872,2019,11,12,2019-11-12,,45,10,15,NA,,,
1873,2019,11,13,2019-11-13,,50,10,15,NA,,,
1874,2019,11,14,2019-11-14,,50,10,15,NA,,,
1875,2019,11,15,2019-11-15,,50,10,15,NA,,,
1876,2019,11,16,2019-11-16,,50,10,15,NA,,25,40
1877,2019,11,17,2019-11-17,,50,10,,NA,,25,40
1878,2019,11,18,2019-11-18,,NA,,,NA,,25,40
1879,2019,11,19,2019-11-19,,NA,,20,NA,,25,40
1880,2019,11,20,2019-11-20,,70,,20,NA,,25,40
1881,2019,11,21,2019-11-21,,70,,15,NA,,,
1882,2019,11,22,2019-11-22,,70,,15,NA,,,
1883,2019,11,23,2019-11-23,,70,,20,NA,,,
1884,2019,11,24,2019-11-24,,70,10,20,NA,,,
1885,2019,11,25,2019-11-25,,70,10,20,NA,,35,50
1886,2019,11,26,2019-11-26,,70,10,20,NA,,,50
1887,2019,11,27,2019-11-27,,70,10,20,NA,,,
1888,2019,11,28,2019-11-28,,70,10,,NA,,,
1889,2019,11,29,2019-11-29,,70,10,,NA,,,
1890,2019,11,30,2019-11-30,,70,10,,NA,,,
1891,2019,12,1,2019-12-01,,70,10,,NA,,,
1892,2019,12,2,2019-12-02,,70,10,,NA,,35,45
1893,2019,12,3,2019-12-03,,NA,,,NA,,35,45
1894,2019,12,4,2019-12-04,,NA,,,NA,,,
1895,2019,12,5,2019-12-05,,NA,,,NA,,,
1896,2019,12,6,2019-12-06,,NA,10,,NA,,,
1897,2019,12,7,2019-12-07,,NA,10,,NA,,,
1898,2019,12,8,2019-12-08,,NA,,,NA,,,
1899,2019,12,9,2019-12-09,,NA,,,NA,,,
1900,2019,12,10,2019-12-10,,NA,,,NA,,,
1901,2019,12,11,2019-12-11,,NA,,,NA,,,
1902,2019,12,12,2019-12-12,,NA,,,NA,,,
1903,2019,12,13,2019-12-13,,NA,,,NA,,,
1904,2019,12,14,2019-12-14,,NA,,,NA,,,
1905,2019,12,15,2019-12-15,,NA,,,NA,,,
1906,2019,12,16,2019-12-16,,NA,,,NA,,,
1907,2019,12,17,2019-12-17,,NA,,,NA,,,
1908,2019,12,18,2019-12-18,,NA,,,NA,,,
1909,2019,12,19,2019-12-19,,135,,,NA,,,
1910,2019,12,20,2019-12-20,,135,,,NA,,,
1911,2019,12,21,2019-12-21,,135,,,NA,,,
1912,2019,12,22,2019-12-22,,135,,,NA,,,
1913,2019,12,23,2019-12-23,,130,,,NA,,,
1914,2019,12,24,2019-12-24,,130,,,NA,,,
1915,2019,12,25,2019-12-25,,130,,,NA,,,
1916,2019,12,26,2019-12-26,,130,,,NA,,,
1917,2019,12,27,2019-12-27,,130,,,NA,,,
1918,2019,12,28,2019-12-28,,130,,,NA,,,
1919,2019,12,29,2019-12-29,,130,,,NA,,,
1920,2019,12,30,2019-12-30,,130,,,NA,,,
1921,2019,12,31,2019-12-31,,130,,,NA,,,
1922,2020,1,1,2020-01-01,,130,,,NA,,,
1923,2020,1,2,2020-01-02,,130,,,NA,,,
1924,2020,1,3,2020-01-03,,130,,,NA,,,
1925,2020,1,4,2020-01-04,,130,,,NA,,,
1926,2020,1,5,2020-01-05,,130,,,NA,,,
1927,2020,1,6,2020-01-06,,130,,,NA,,,
1928,2020,1,7,2020-01-07,,140,,,NA,,,
1929,2020,1,8,2020-01-08,,140,,,NA,,,
1930,2020,1,9,2020-01-09,,140,,,NA,,,
1931,2020,1,10,2020-01-10,,140,,,NA,,,
1932,2020,1,11,2020-01-11,,140,,,NA,,,
1933,2020,1,12,2020-01-12,,140,,,NA,,,
1934,2020,1,13,2020-01-13,,NA,,,NA,,,
1935,2020,1,14,2020-01-14,,NA,,,NA,,,
1936,2020,1,15,2020-01-15,,NA,,,NA,,,
1937,2020,1,16,2020-01-16,,NA,,,NA,,,
1938,2020,1,17,2020-01-17,,NA,,,NA,,,
1939,2020,1,18,2020-01-18,,NA,,,NA,,,
1940,2020,1,19,2020-01-19,,NA,,,NA,,,
1941,2020,1,20,2020-01-20,,140,,,NA,,,
1942,2020,1,21,2020-01-21,,140,,,NA,,45,55
1943,2020,1,22,2020-01-22,,140,,,NA,,45,55
1944,2020,1,23,2020-01-23,,140,,,NA,,45,55
1945,2020,1,24,2020-01-24,,140,10,,NA,,45,55
1946,2020,1,25,2020-01-25,,140,15,,NA,,45,55
1947,2020,1,26,2020-01-26,,140,15,,NA,,45,55
1948,2020,1,27,2020-01-27,,140,15,,NA,,45,55
1949,2020,1,28,2020-01-28,,140,15,,NA,,45,55
1950,2020,1,29,2020-01-29,,140,15,,NA,,45,55
1951,2020,1,30,2020-01-30,,140,15,,NA,,45,55
1952,2020,1,31,2020-01-31,,140,15,,NA,,45,55
1953,2020,2,1,2020-02-01,,140,,,NA,,45,55
1954,2020,2,2,2020-02-02,,150,,,NA,,,
1955,2020,2,3,2020-02-03,,150,,,NA,,,
1956,2020,2,4,2020-02-04,,150,,,NA,,,
1957,2020,2,5,2020-02-05,,150,,,NA,,,
1958,2020,2,6,2020-02-06,,150,,,NA,,,
1959,2020,2,7,2020-02-07,,150,,,NA,,,
1960,2020,2,8,2020-02-08,,150,,,NA,,,
1961,2020,2,9,2020-02-09,,150,,,NA,,,
1962,2020,2,10,2020-02-10,,150,,,NA,,,
1963,2020,2,11,2020-02-11,,150,,,NA,,,
1964,2020,2,12,2020-02-12,,150,,,NA,,,
1965,2020,2,13,2020-02-13,,150,,,NA,,,
1966,2020,2,14,2020-02-14,,150,,,NA,,,
1967,2020,2,15,2020-02-15,,160,,,NA,,,
1968,2020,2,16,2020-02-16,,160,,,NA,,,
1969,2020,2,17,2020-02-17,,160,,,NA,,,
1970,2020,2,18,2020-02-18,,180,,,NA,,,
1971,2020,2,19,2020-02-19,,180,,,NA,,,
1972,2020,2,20,2020-02-20,60,180,,,NA,,,
1973,2020,2,21,2020-02-21,60,180,,,NA,,,
1974,2020,2,22,2020-02-22,60,180,,,NA,,,
1975,2020,2,23,2020-02-23,65,180,,,NA,,,
1976,2020,2,24,2020-02-24,65,180,15,,NA,,,
1977,2020,2,25,2020-02-25,65,180,15,,NA,,,
1978,2020,2,26,2020-02-26,65,180,15,,NA,,,
1979,2020,2,27,2020-02-27,65,180,15,,NA,,,
1980,2020,2,28,2020-02-28,60,180,15,,NA,,,
1981,2020,2,29,2020-02-29,60,180,15,15,NA,,,
1982,2020,3,1,2020-03-01,60,180,15,15,NA,,,
1983,2020,3,2,2020-03-02,60,180,15,15,NA,,,
1984,2020,3,3,2020-03-03,60,180,15,15,NA,,,
1985,2020,3,4,2020-03-04,60,180,15,15,NA,,,
1986,2020,3,5,2020-03-05,60,180,15,15,NA,,,
1987,2020,3,6,2020-03-06,,180,15,20,NA,,,
1988,2020,3,7,2020-03-07,,180,15,20,NA,,,
1989,2020,3,8,2020-03-08,,180,15,15,NA,,,
1990,2020,3,9,2020-03-09,,180,15,15,NA,,,
1991,2020,3,10,2020-03-10,,180,15,15,NA,,,
1992,2020,3,11,2020-03-11,65,180,15,15,NA,,,
1993,2020,3,12,2020-03-12,65,180,15,15,NA,,,
1994,2020,3,13,2020-03-13,65,180,10,15,NA,,,
1995,2020,3,14,2020-03-14,65,185,10,15,NA,,,
1996,2020,3,15,2020-03-15,65,195,10,15,NA,,,
1997,2020,3,16,2020-03-16,65,195,,15,NA,,,
1998,2020,3,17,2020-03-17,65,195,,15,NA,,,
1999,2020,3,18,2020-03-18,65,195,,15,NA,,,
2000,2020,3,19,2020-03-19,65,195,,15,NA,,,
2001,2020,3,20,2020-03-20,65,195,,15,NA,,,
2002,2020,3,21,2020-03-21,65,195,5,15,NA,,,
2003,2020,3,22,2020-03-22,65,195,5,15,NA,,,
2004,2020,3,23,2020-03-23,65,195,10,15,NA,,,
2005,2020,3,24,2020-03-24,65,195,10,15,,,,
2006,2020,3,25,2020-03-25,65,195,10,15,,,,
2007,2020,3,26,2020-03-26,65,195,10,15,,,,
2008,2020,3,27,2020-03-27,65,195,10,15,,,,
2009,2020,3,28,2020-03-28,,195,5,15,,,,
2010,2020,3,29,2020-03-29,,200,,15,,,,
2011,2020,3,30,2020-03-30,,200,10,15,,,,
2012,2020,3,31,2020-03-31,,235,15,15,,,,
2013,2020,4,1,2020-04-01,80,225,10,15,,,,
2014,2020,4,2,2020-04-02,80,200,10,15,,,,
2015,2020,4,3,2020-04-03,80,270,,15,,,,
2016,2020,4,4,2020-04-04,,305,,15,,,,
2017,2020,4,5,2020-04-05,,305,,15,,,,
2018,2020,4,6,2020-04-06,85,305,15,15,,,,
2019,2020,4,7,2020-04-07,85,300,,15,,,,
2020,2020,4,8,2020-04-08,85,290,15,15,,,,
2021,2020,4,9,2020-04-09,80,290,15,15,,,,
2022,2020,4,10,2020-04-10,80,290,15,15,,,,
2023,2020,4,11,2020-04-11,80,285,15,15,,,,
2024,2020,4,12,2020-04-12,80,285,15,15,,,,
2025,2020,4,13,2020-04-13,80,280,15,15,,,,
2026,2020,4,14,2020-04-14,80,280,10,15,,,,
2027,2020,4,15,2020-04-15,80,275,10,15,,,,
2028,2020,4,16,2020-04-16,80,270,10,15,,,,
2029,2020,4,17,2020-04-17,80,270,10,15,,,,
2030,2020,4,18,2020-04-18,80,270,10,15,,,,
2031,2020,4,19,2020-04-19,75,265,10,15,,,,
2032,2020,4,20,2020-04-20,75,265,10,15,,,,
2033,2020,4,21,2020-04-21,75,265,10,15,,,,
2034,2020,4,22,2020-04-22,75,265,10,15,,,,
2035,2020,4,23,2020-04-23,75,265,10,15,,,,
2036,2020,4,24,2020-04-24,75,260,10,15,,,,
2037,2020,4,25,2020-04-25,75,260,10,15,,,,
2038,2020,4,26,2020-04-26,75,255,0,10,,,,
2039,2020,4,27,2020-04-27,65,260,0,10,,,,
2040,2020,4,28,2020-04-28,65,265,5,10,,,,
2041,2020,4,29,2020-04-29,65,265,0,10,,,,
2042,2020,4,30,2020-04-30,65,260,0,0,,,,
2043,2020,5,1,2020-05-01,60,260,0,0,,,,
2044,2020,5,2,2020-05-02,60,260,0,0,,,,
2045,2020,5,3,2020-05-03,60,260,0,0,,,,
2046,2020,5,4,2020-05-04,55,255,0,0,,,,
2047,2020,5,5,2020-05-05,55,255,0,0,,,,
2048,2020,5,6,2020-05-06,55,255,0,0,,,,
2049,2020,5,7,2020-05-07,55,255,0,0,,,,
2050,2020,5,8,2020-05-08,55,255,0,0,,,,
2051,2020,5,9,2020-05-09,55,255,0,0,,,,
2052,2020,5,10,2020-05-10,55,250,0,0,,,,
2053,2020,5,11,2020-05-11,55,250,0,0,,,,
2054,2020,5,12,2020-05-12,50,250,0,0,,,,
2055,2020,5,13,2020-05-13,50,250,0,0,,,,
2056,2020,5,14,2020-05-14,45,245,0,0,,,,
2057,2020,5,15,2020-05-15,45,245,0,5,,,,
2058,2020,5,16,2020-05-16,45,245,0,0,,,,
2059,2020,5,17,2020-05-17,35,240,0,0,,,,
2060,2020,5,18,2020-05-18,35,235,0,5,,,,
2061,2020,5,19,2020-05-19,35,235,0,0,,,,
2062,2020,5,20,2020-05-20,25,230,0,0,,,,
2063,2020,5,21,2020-05-21,25,230,0,0,,,,
2064,2020,5,22,2020-05-22,25,,0,0,,,,
2065,2020,5,23,2020-05-23,25,,0,5,,,,
2066,2020,5,24,2020-05-24,15,,0,0,,,,
2067,2020,5,25,2020-05-25,10,,0,0,,,,
2068,2020,5,26,2020-05-26,5,,0,0,,,,
2069,2020,5,27,2020-05-27,5,,0,0,,,,
2070,2020,5,28,2020-05-28,5,,0,0,,,,
2071,2020,5,29,2020-05-29,5,,0,0,,,,
2072,2020,5,30,2020-05-30,5,,0,0,,,,
2073,2020,5,31,2020-05-31,0,,0,0,,,,
2074,2020,6,1,2020-06-01,0,,0,0,,,,
2075,2020,6,2,2020-06-02,0,,0,0,,,,
2076,2020,6,3,2020-06-03,0,,0,5,,,,
2077,2020,6,4,2020-06-04,0,,0,0,,,,
2078,2020,6,5,2020-06-05,0,,0,0,,,,
2079,2020,6,6,2020-06-06,0,,0,0,,,,
2080,2020,6,7,2020-06-07,0,,0,0,,,,
2081,2020,6,8,2020-06-08,0,,0,0,,,,
2082,2020,6,9,2020-06-09,0,,0,0,,,,
2083,2020,6,10,2020-06-10,0,,0,0,,,,
2084,2020,6,11,2020-06-11,0,,0,0,,,,
2085,2020,6,12,2020-06-12,0,,0,0,,,,
2086,2020,6,13,2020-06-13,0,,0,0,,,,
2087,2020,6,14,2020-06-14,0,,0,0,,,,
2088,2020,6,15,2020-06-15,0,,0,0,,,,
2089,2020,6,16,2020-06-16,0,,0,0,,,,
2090,2020,6,17,2020-06-17,0,,0,0,,,,
2091,2020,6,18,2020-06-18,0,,0,0,,,,
2092,2020,6,19,2020-06-19,0,,0,0,,,,
2093,2020,6,20,2020-06-20,0,,0,0,,,,
2094,2020,6,21,2020-06-21,0,,0,0,,,,
2095,2020,6,22,2020-06-22,0,,0,0,,,,
2096,2020,6,23,2020-06-23,0,,0,0,,,,
2097,2020,6,24,2020-06-24,0,,0,0,,,,
2098,2020,6,25,2020-06-25,0,,0,0,,,,
2099,2020,6,26,2020-06-26,0,,0,0,,,,
2100,2020,6,27,2020-06-27,0,,0,0,,,,
2101,2020,6,28,2020-06-28,0,,0,0,,,,
2102,2020,6,29,2020-06-29,0,,0,0,,,,
2103,2020,6,30,2020-06-30,0,,0,0,,,,
2104,2020,7,1,2020-07-01,0,,0,0,,,,
2105,2020,7,2,2020-07-02,0,,0,0,,,,
2106,2020,7,3,2020-07-03,0,,0,0,,,,
2107,2020,7,4,2020-07-04,0,,0,0,,,,
2108,2020,7,5,2020-07-05,0,,0,0,,,,
2109,2020,7,6,2020-07-06,0,,0,0,,,,
2110,2020,7,7,2020-07-07,0,,0,0,,,,
2111,2020,7,8,2020-07-08,0,,0,0,,,,
2112,2020,7,9,2020-07-09,0,,0,0,,,,
2113,2020,7,10,2020-07-10,0,,0,0,,,,
2114,2020,7,11,2020-07-11,0,,0,0,,,,
2115,2020,7,12,2020-07-12,0,,0,0,,,,
2116,2020,7,13,2020-07-13,0,,0,0,,,,
2117,2020,7,14,2020-07-14,0,,0,0,,,,
2118,2020,7,15,2020-07-15,0,,0,0,,,,
2119,2020,7,16,2020-07-16,0,,0,0,,,,
2120,2020,7,17,2020-07-17,0,,0,0,,,,
2121,2020,7,18,2020-07-18,0,,0,0,,,,
2122,2020,7,19,2020-07-19,0,,0,0,,,,
2123,2020,7,20,2020-07-20,0,,0,0,,,,
2124,2020,7,21,2020-07-21,0,,0,0,,,,
2125,2020,7,22,2020-07-22,0,,0,0,,,,
2126,2020,7,23,2020-07-23,0,,0,0,,,,
2127,2020,7,24,2020-07-24,0,,0,0,,,,
2128,2020,7,25,2020-07-25,0,,0,0,,,,
2129,2020,7,26,2020-07-26,0,,0,0,,,,
2130,2020,7,27,2020-07-27,0,,0,0,,,,
2131,2020,7,28,2020-07-28,0,,0,0,,,,
2132,2020,7,29,2020-07-29,0,,0,0,,,,
2133,2020,7,30,2020-07-30,0,,0,0,,,,
2134,2020,7,31,2020-07-31,0,,0,0,,,,
2135,2020,8,1,2020-08-01,0,,0,0,,,,
2136,2020,8,2,2020-08-02,0,,0,0,,,,
2137,2020,8,3,2020-08-03,0,,0,0,,,,
2138,2020,8,4,2020-08-04,0,,0,0,,,,
2139,2020,8,5,2020-08-05,0,,0,0,,,,
2140,2020,8,6,2020-08-06,0,,0,0,,,,
2141,2020,8,7,2020-08-07,0,,0,0,,,,
2142,2020,8,8,2020-08-08,0,,0,0,,,,
2143,2020,8,9,2020-08-09,0,,0,0,,,,
2144,2020,8,10,2020-08-10,0,,0,0,,,,
2145,2020,8,11,2020-08-11,0,,0,0,,,,
2146,2020,8,12,2020-08-12,0,,0,0,,,,
2147,2020,8,13,2020-08-13,0,,0,0,,,,
2148,2020,8,14,2020-08-14,0,,0,0,,,,
2149,2020,8,15,2020-08-15,0,,0,0,,,,
2150,2020,8,16,2020-08-16,0,,0,0,,,,
2151,2020,8,17,2020-08-17,0,,0,0,,,,
2152,2020,8,18,2020-08-18,0,,0,0,,,,
2153,2020,8,19,2020-08-19,0,,0,0,,,,
2154,2020,8,20,2020-08-20,0,,0,0,,,,
2155,2020,8,21,2020-08-21,0,,0,0,,,,
2156,2020,8,22,2020-08-22,0,,0,0,,,,
2157,2020,8,23,2020-08-23,0,,0,0,,,,
2158,2020,8,24,2020-08-24,0,,0,0,,,,
2159,2020,8,25,2020-08-25,0,,0,0,,,,
2160,2020,8,26,2020-08-26,0,,0,0,,,,
2161,2020,8,27,2020-08-27,0,,0,0,,,,
2162,2020,8,28,2020-08-28,0,,0,0,,,,
2163,2020,8,29,2020-08-29,0,,0,0,,,,
2164,2020,8,30,2020-08-30,0,,0,0,,,,
2165,2020,8,31,2020-08-31,0,,0,0,,,,
2166,2020,9,1,2020-09-01,0,,0,0,,,,
2167,2020,9,2,2020-09-02,0,,0,0,,,,
2168,2020,9,3,2020-09-03,0,,0,0,,,,
2169,2020,9,4,2020-09-04,0,,0,0,,,,
2170,2020,9,5,2020-09-05,0,,0,0,,,,
2171,2020,9,6,2020-09-06,0,,0,0,,,,
2172,2020,9,7,2020-09-07,0,,0,0,,,,
2173,2020,9,8,2020-09-08,0,,0,0,,,,
2174,2020,9,9,2020-09-09,0,,0,0,,,,
2175,2020,9,10,2020-09-10,0,,0,0,,,,
2176,2020,9,11,2020-09-11,0,,0,0,,,,
2177,2020,9,12,2020-09-12,0,,0,0,,,,
2178,2020,9,13,2020-09-13,0,,0,0,,,,
2179,2020,9,14,2020-09-14,0,,0,0,,,,
2180,2020,9,15,2020-09-15,0,,0,0,,,,
2181,2020,9,16,2020-09-16,0,,0,0,,,,
2182,2020,9,17,2020-09-17,0,,0,0,,,,
2183,2020,9,18,2020-09-18,0,,0,0,,,,
2184,2020,9,19,2020-09-19,0,,0,0,,,,
2185,2020,9,20,2020-09-20,0,,0,0,,,,
2186,2020,9,21,2020-09-21,0,,0,0,,,,
2187,2020,9,22,2020-09-22,0,,0,0,,,,
2188,2020,9,23,2020-09-23,0,,0,0,,,,
2189,2020,9,24,2020-09-24,0,,0,0,,,,
2190,2020,9,25,2020-09-25,0,,0,0,,,,
2191,2020,9,26,2020-09-26,0,,0,0,,,,
2192,2020,9,27,2020-09-27,0,,0,0,,,,