"id","year","month","day","date","gf.top","gf.side","hf.top","hf.side"
1,2015,8,18,2015-08-18,0,0,0,0
2,2015,8,19,2015-08-19,0,0,0,0
3,2015,8,20,2015-08-20,0,0,0,0
4,2015,8,21,2015-08-21,0,0,0,0
5,2015,8,22,2015-08-22,0,0,0,0
6,2015,8,23,2015-08-23,0,0,0,0
7,2015,8,24,2015-08-24,0,0,0,0
8,2015,8,25,2015-08-25,0,0,0,0
9,2015,8,26,2015-08-26,0,0,0,0
10,2015,8,27,2015-08-27,0,0,0,0
11,2015,8,28,2015-08-28,0,0,0,0
12,2015,8,29,2015-08-29,0,0,0,0
13,2015,8,30,2015-08-30,0,0,0,0
14,2015,8,31,2015-08-31,0,0,0,0
15,2015,9,1,2015-09-01,0,0,0,0
16,2015,9,2,2015-09-02,0,0,0,0
17,2015,9,3,2015-09-03,0,0,0,0
18,2015,9,4,2015-09-04,0,0,0,0
19,2015,9,5,2015-09-05,0,0,0,0
20,2015,9,6,2015-09-06,0,0,0,0
21,2015,9,7,2015-09-07,0,0,0,0
22,2015,9,8,2015-09-08,0,0,0,0
23,2015,9,9,2015-09-09,0,0,0,0
24,2015,9,10,2015-09-10,0,0,0,0
25,2015,9,11,2015-09-11,0,0,0,0
26,2015,9,12,2015-09-12,0,0,0,0
27,2015,9,13,2015-09-13,0,0,0,0
28,2015,9,14,2015-09-14,0,0,0,0
29,2015,9,15,2015-09-15,0,0,0,0
30,2015,9,16,2015-09-16,0,0,0,0
31,2015,9,17,2015-09-17,0,0,0,0
32,2015,9,18,2015-09-18,0,0,0,0
33,2015,9,19,2015-09-19,15,38,5,5
34,2015,9,20,2015-09-20,18,41,5,5
35,2015,9,21,2015-09-21,17,40,5,5
36,2015,9,22,2015-09-22,17,40,5,5
37,2015,9,23,2015-09-23,15,38,5,5
38,2015,9,24,2015-09-24,17,40,5,5
39,2015,9,25,2015-09-25,16,39,5,5
40,2015,9,26,2015-09-26,16,39,5,5
41,2015,9,27,2015-09-27,15,38,5,5
42,2015,9,28,2015-09-28,15,38,5,5
43,2015,9,29,2015-09-29,5,28,5,5
44,2015,9,30,2015-09-30,5,28,5,5
45,2015,10,1,2015-10-01,5,28,20,20
46,2015,10,2,2015-10-02,8,31,5,10
47,2015,10,3,2015-10-03,8,31,5,5
48,2015,10,4,2015-10-04,10,33,10,5
49,2015,10,5,2015-10-05,10,33,5,5
50,2015,10,6,2015-10-06,10,33,5,5
51,2015,10,7,2015-10-07,9,32,5,5
52,2015,10,8,2015-10-08,8,31,5,5
53,2015,10,9,2015-10-09,10,38,10,10
54,2015,10,10,2015-10-10,10,38,20,30
55,2015,10,11,2015-10-11,10,38,20,30
56,2015,10,12,2015-10-12,11,39,20,30
57,2015,10,13,2015-10-13,12,40,20,30
58,2015,10,14,2015-10-14,16,45,20,30
59,2015,10,15,2015-10-15,15,44,15,25
60,2015,10,16,2015-10-16,17,45,20,30
61,2015,10,17,2015-10-17,15,43,20,30
62,2015,10,18,2015-10-18,8,36,15,20
63,2015,10,19,2015-10-19,16.1806699615596,31.3016310103791,20,20
64,2015,10,20,2015-10-20,16.1806699615596,31.3016310103791,20,20
65,2015,10,21,2015-10-21,16.1806699615596,31.3016310103791,20,20
66,2015,10,22,2015-10-22,16.1806699615596,31.3016310103791,20,20
67,2015,10,23,2015-10-23,16.1806699615596,31.3016310103791,20,20
68,2015,10,24,2015-10-24,17,43,20,30
69,2015,10,25,2015-10-25,17,43,20,30
70,2015,10,26,2015-10-26,17,43,20,30
71,2015,10,27,2015-10-27,17,43,20,30
72,2015,10,28,2015-10-28,17,43,20,30
73,2015,10,29,2015-10-29,17,43,20,30
74,2015,10,30,2015-10-30,17,43,20,30
75,2015,10,31,2015-10-31,17,43,20,30
76,2015,11,1,2015-11-01,18,44,20,30
77,2015,11,2,2015-11-02,18,44,20,30
78,2015,11,3,2015-11-03,18,44,20,30
79,2015,11,4,2015-11-04,12,38,20,30
80,2015,11,5,2015-11-05,20,46,20,30
81,2015,11,6,2015-11-06,19,45,20,30
82,2015,11,7,2015-11-07,18,44,25,35
83,2015,11,8,2015-11-08,18,44,30,40
84,2015,11,9,2015-11-09,18.9184878913172,42.989417989418,30,40
85,2015,11,10,2015-11-10,18.9184878913172,43.3968253968254,30,45
86,2015,11,11,2015-11-11,18.9184878913172,42.989417989418,30,40
87,2015,11,12,2015-11-12,19.2008269344359,42.989417989418,20,40
88,2015,11,13,2015-11-13,19.2008269344359,42.5820105820106,20,35
89,2015,11,14,2015-11-14,18.9184878913172,43.8042328042328,30,50
90,2015,11,15,2015-11-15,18.9184878913172,43.8042328042328,30,50
91,2015,11,16,2015-11-16,18.9184878913172,43.8042328042328,30,50
92,2015,11,17,2015-11-17,18.9184878913172,43.8042328042328,30,50
93,2015,11,18,2015-11-18,18.9184878913172,43.8042328042328,30,50
94,2015,11,19,2015-11-19,18.9184878913172,42.989417989418,30,40
95,2015,11,20,2015-11-20,18.9184878913172,42.989417989418,30,40
96,2015,11,21,2015-11-21,18.6361488481985,42.989417989418,40,40
97,2015,11,22,2015-11-22,18.6361488481985,42.989417989418,40,40
98,2015,11,23,2015-11-23,18.6361488481985,44.6190476190476,40,60
99,2015,11,24,2015-11-24,17.7891317188423,44.6190476190476,70,60
100,2015,11,25,2015-11-25,17.7891317188423,45.4338624338624,70,70
101,2015,11,26,2015-11-26,18,44,60,70
102,2015,11,27,2015-11-27,18,44,60,60
103,2015,11,28,2015-11-28,17,43,50,60
104,2015,11,29,2015-11-29,18.3538098050797,44.6190476190476,50,60
105,2015,11,30,2015-11-30,18.071470761961,45.4338624338624,60,70
106,2015,12,1,2015-12-01,24.1666666666667,49.3249999999998,60,70
107,2015,12,2,2015-12-02,24.1666666666667,49.5249999999997,50,75
108,2015,12,3,2015-12-03,24.1666666666667,49.3249999999998,60,70
109,2015,12,4,2015-12-04,24.1666666666667,49.3249999999998,50,70
110,2015,12,5,2015-12-05,24.1666666666667,49.3249999999998,50,70
111,2015,12,6,2015-12-06,24.1666666666667,49.3249999999998,50,70
112,2015,12,7,2015-12-07,24.1666666666667,49.5249999999997,50,75
113,2015,12,8,2015-12-08,24.1666666666667,49.5249999999997,60,75
114,2015,12,9,2015-12-09,24.1666666666667,49.5249999999997,50,75
115,2015,12,10,2015-12-10,24.1666666666667,49.5249999999997,50,75
116,2015,12,11,2015-12-11,24.1666666666667,49.5249999999997,50,75
117,2015,12,12,2015-12-12,24.1666666666667,49.5249999999997,50,75
118,2015,12,13,2015-12-13,24.1666666666667,49.5249999999997,50,75
119,2015,12,14,2015-12-14,24.1666666666667,49.5249999999997,50,75
120,2015,12,15,2015-12-15,24.1666666666667,49.5249999999997,50,75
121,2015,12,16,2015-12-16,24.1666666666667,49.5249999999997,50,75
122,2015,12,17,2015-12-17,24.1666666666667,49.5249999999997,50,75
123,2015,12,18,2015-12-18,24.1666666666667,49.5249999999997,50,75
124,2015,12,19,2015-12-19,24.1666666666667,49.5249999999997,50,75
125,2015,12,20,2015-12-20,24.1666666666667,49.5249999999997,50,75
126,2015,12,21,2015-12-21,24.1666666666667,49.5249999999997,50,75
127,2015,12,22,2015-12-22,24.1666666666667,49.5249999999997,50,75
128,2015,12,23,2015-12-23,24.1666666666667,49.5249999999997,50,75
129,2015,12,24,2015-12-24,24.1666666666667,49.5249999999997,50,75
130,2015,12,25,2015-12-25,24.1666666666667,49.5249999999997,50,75
131,2015,12,26,2015-12-26,24.1666666666667,49.5249999999997,50,75
132,2015,12,27,2015-12-27,24.1666666666667,49.5249999999997,50,75
133,2015,12,28,2015-12-28,24.1666666666667,49.5249999999997,50,75
134,2015,12,29,2015-12-29,24.1666666666667,49.3249999999998,50,70
135,2015,12,30,2015-12-30,24.1666666666667,49.3249999999998,50,70
136,2015,12,31,2015-12-31,24.1666666666667,48.9249999999999,40,60
137,2016,1,1,2016-01-01,25.7333333333333,60.531956432388,43.3333333333333,76.6666666666667
138,2016,1,2,2016-01-02,23.6666666666667,61.7023222359227,46.6666666666667,93.3333333333333
139,2016,1,3,2016-01-03,21.6,62.8726880394575,50,110
140,2016,1,4,2016-01-04,21.6,62.8726880394575,50,110
141,2016,1,5,2016-01-05,21,60,50,110
142,2016,1,6,2016-01-06,21,60,50,110
143,2016,1,7,2016-01-07,21,60,50,110
144,2016,1,8,2016-01-08,22,61,50,110
145,2016,1,9,2016-01-09,23,62,50,110
146,2016,1,10,2016-01-10,21.6,62.8726880394575,50,110
147,2016,1,11,2016-01-11,21.6,62.8726880394575,50,110
148,2016,1,12,2016-01-12,21.6,62.8726880394575,50,110
149,2016,1,13,2016-01-13,21.6,62.8726880394575,50,110
150,2016,1,14,2016-01-14,21.6,62.8726880394575,50,110
151,2016,1,15,2016-01-15,21.6,62.8726880394575,50,110
152,2016,1,16,2016-01-16,21.6,62.8726880394575,50,110
153,2016,1,17,2016-01-17,21.6,62.8726880394575,50,110
154,2016,1,18,2016-01-18,21.6,62.8726880394575,50,110
155,2016,1,19,2016-01-19,21.6,62.8726880394575,50,110
156,2016,1,20,2016-01-20,21.6,63.5749075215783,50,120
157,2016,1,21,2016-01-21,21.6,63.5749075215783,50,120
158,2016,1,22,2016-01-22,21.6,63.5749075215783,50,120
159,2016,1,23,2016-01-23,21.6,63.5749075215783,50,120
160,2016,1,24,2016-01-24,21.6,63.5749075215783,50,120
161,2016,1,25,2016-01-25,21.6,62.8726880394575,50,110
162,2016,1,26,2016-01-26,15.4,63.5749075215783,60,120
163,2016,1,27,2016-01-27,15.4,64.2771270036991,60,130
164,2016,1,28,2016-01-28,15.4,64.2771270036991,60,130
165,2016,1,29,2016-01-29,15.4,63.5749075215783,60,120
166,2016,1,30,2016-01-30,15.4,63.5749075215783,60,120
167,2016,1,31,2016-01-31,15.4,63.5749075215783,60,120
168,2016,2,1,2016-02-01,29.4444444444445,83.7697480798695,50,120
169,2016,2,2,2016-02-02,31.8888888888889,83.7697480798695,60,120
170,2016,2,3,2016-02-03,29.4444444444445,83.7697480798695,50,120
171,2016,2,4,2016-02-04,29.4444444444445,83.7697480798695,50,120
172,2016,2,5,2016-02-05,31.8888888888889,83.7697480798695,60,120
173,2016,2,6,2016-02-06,31.8888888888889,86.5578903124747,60,130
174,2016,2,7,2016-02-07,31.8888888888889,86.5578903124747,60,130
175,2016,2,8,2016-02-08,31.8888888888889,86.5578903124747,60,130
176,2016,2,9,2016-02-09,29.4444444444445,86.5578903124747,50,130
177,2016,2,10,2016-02-10,31.8888888888889,86.5578903124747,60,130
178,2016,2,11,2016-02-11,31.8888888888889,87.9519614287773,60,135
179,2016,2,12,2016-02-12,31.8888888888889,87.9519614287773,60,135
180,2016,2,13,2016-02-13,31.8888888888889,87.9519614287773,60,135
181,2016,2,14,2016-02-14,31.8888888888889,86.5578903124747,60,130
182,2016,2,15,2016-02-15,31.8888888888889,86.5578903124747,60,130
183,2016,2,16,2016-02-16,31.8888888888889,85.1638191961721,60,125
184,2016,2,17,2016-02-17,31.8888888888889,87.9519614287773,60,135
185,2016,2,18,2016-02-18,31.8888888888889,85.1638191961721,60,125
186,2016,2,19,2016-02-19,31.8888888888889,85.1638191961721,60,125
187,2016,2,20,2016-02-20,31.8888888888889,85.1638191961721,60,125
188,2016,2,21,2016-02-21,31.8888888888889,85.1638191961721,60,125
189,2016,2,22,2016-02-22,31.8888888888889,85.1638191961721,60,125
190,2016,2,23,2016-02-23,31.8888888888889,86.5578903124747,60,130
191,2016,2,24,2016-02-24,29.4444444444445,86.5578903124747,50,130
192,2016,2,25,2016-02-25,31.8888888888889,87.9519614287773,60,135
193,2016,2,26,2016-02-26,31.8888888888889,87.9519614287773,60,135
194,2016,2,27,2016-02-27,31.8888888888889,89.3460325450799,60,140
195,2016,2,28,2016-02-28,31.8888888888889,89.3460325450799,60,140
196,2016,2,29,2016-02-29,31.8888888888889,89.3460325450799,60,140
197,2016,3,1,2016-03-01,42.1111111111112,87.1565442480896,60,145
198,2016,3,2,2016-03-02,42.1111111111112,87.1565442480896,60,145
199,2016,3,3,2016-03-03,42.1111111111112,87.1565442480896,60,145
200,2016,3,4,2016-03-04,40,83.5,60,145
201,2016,3,5,2016-03-05,40,83.5,60,145
202,2016,3,6,2016-03-06,40,83.5,60,145
203,2016,3,7,2016-03-07,40,83.5,60,140
204,2016,3,8,2016-03-08,40,83.5,60,140
205,2016,3,9,2016-03-09,40,83.5,60,140
206,2016,3,10,2016-03-10,40,83.5,60,140
207,2016,3,11,2016-03-11,40,83.5,60,140
208,2016,3,12,2016-03-12,38,81.5,60,140
209,2016,3,13,2016-03-13,39,82.5,60,140
210,2016,3,14,2016-03-14,41,84.5,60,140
211,2016,3,15,2016-03-15,40,83.5,60,140
212,2016,3,16,2016-03-16,41,84.5,60,140
213,2016,3,17,2016-03-17,41,84.5,60,140
214,2016,3,18,2016-03-18,46,89.5,60,140
215,2016,3,19,2016-03-19,47,90.5,60,145
216,2016,3,20,2016-03-20,47,90.5,60,145
217,2016,3,21,2016-03-21,44,87.5,60,140
218,2016,3,22,2016-03-22,44,87.5,60,140
219,2016,3,23,2016-03-23,44,87.5,60,140
220,2016,3,24,2016-03-24,44,87.5,60,140
221,2016,3,25,2016-03-25,44,87.5,60,140
222,2016,3,26,2016-03-26,44,87.5,60,140
223,2016,3,27,2016-03-27,44,87.5,60,140
224,2016,3,28,2016-03-28,44,87.5,60,140
225,2016,3,29,2016-03-29,44,87.5,60,135
226,2016,3,30,2016-03-30,41,84.5,60,130
227,2016,3,31,2016-03-31,41,84.5,50,125
228,2016,4,1,2016-04-01,41,84.5,50,125
229,2016,4,2,2016-04-02,40,83.5,50,125
230,2016,4,3,2016-04-03,40,83.5,60,130
231,2016,4,4,2016-04-04,40,83.5,60,125
232,2016,4,5,2016-04-05,40,83.5,60,130
233,2016,4,6,2016-04-06,40,83.5,60,130
234,2016,4,7,2016-04-07,40,83.5,60,130
235,2016,4,8,2016-04-08,40,83.5,60,130
236,2016,4,9,2016-04-09,40,83.5,60,130
237,2016,4,10,2016-04-10,40,83.5,60,130
238,2016,4,11,2016-04-11,40,83.5,60,130
239,2016,4,12,2016-04-12,40,83.5,55,130
240,2016,4,13,2016-04-13,40,83.5,55,130
241,2016,4,14,2016-04-14,40,83.5,55,130
242,2016,4,15,2016-04-15,40,83.5,55,130
243,2016,4,16,2016-04-16,43,86.5,60,135
244,2016,4,17,2016-04-17,43,86.5,60,135
245,2016,4,18,2016-04-18,47,90.5,70,140
246,2016,4,19,2016-04-19,47,90.5,70,150
247,2016,4,20,2016-04-20,47,90.5,60,150
248,2016,4,21,2016-04-21,47,90.5,60,145
249,2016,4,22,2016-04-22,45,89.5,60,145
250,2016,4,23,2016-04-23,42,89.5,60,145
251,2016,4,24,2016-04-24,41,88.5,60,145
252,2016,4,25,2016-04-25,40,87.5,60,145
253,2016,4,26,2016-04-26,39,86.5,55,140
254,2016,4,27,2016-04-27,39,86.5,55,130
255,2016,4,28,2016-04-28,38,86.5,55,130
256,2016,4,29,2016-04-29,38,86.5,50,130
257,2016,4,30,2016-04-30,38,86.5,50,130
258,2016,5,1,2016-05-01,39,86.5,55,150
259,2016,5,2,2016-05-02,38,86.5,50,145
260,2016,5,3,2016-05-03,30,85.5,50,130
261,2016,5,4,2016-05-04,26,84.5,45,130
262,2016,5,5,2016-05-05,26,84.5,45,130
263,2016,5,6,2016-05-06,27,85.5,40,130
264,2016,5,7,2016-05-07,27,85.5,40,130
265,2016,5,8,2016-05-08,21,84.5,40,125
266,2016,5,9,2016-05-09,22,84.5,35,125
267,2016,5,10,2016-05-10,20,84.5,35,125
268,2016,5,11,2016-05-11,20,84.5,30,120
269,2016,5,12,2016-05-12,18,81.5,20,110
270,2016,5,13,2016-05-13,16,80.5,20,110
271,2016,5,14,2016-05-14,9,77.5,20,120
272,2016,5,15,2016-05-15,8,76.5,10,100
273,2016,5,16,2016-05-16,0,66.5,0,90
274,2016,5,17,2016-05-17,0,65.5,0,80
275,2016,5,18,2016-05-18,0,57.5,0,80
276,2016,5,19,2016-05-19,0,55.5,0,70
277,2016,5,20,2016-05-20,0,53,0,65
278,2016,5,21,2016-05-21,0,51,0,60
279,2016,5,22,2016-05-22,0,48,0,50
280,2016,5,23,2016-05-23,0,48,0,40
281,2016,5,24,2016-05-24,0,48,0,35
282,2016,5,25,2016-05-25,0,25,0,25
283,2016,5,26,2016-05-26,0,25,0,20
284,2016,5,27,2016-05-27,0,25,0,15
285,2016,5,28,2016-05-28,0,24,0,15
286,2016,5,29,2016-05-29,0,23,0,10
287,2016,5,30,2016-05-30,0,17,0,10
288,2016,5,31,2016-05-31,0,16,0,10
289,2016,6,1,2016-06-01,0,15,0,10
290,2016,6,2,2016-06-02,0,15,0,10
291,2016,6,3,2016-06-03,0,10,0,10
292,2016,6,4,2016-06-04,0,5,0,5
293,2016,6,5,2016-06-05,0,5,0,5
294,2016,6,6,2016-06-06,0,0,0,0
295,2016,6,7,2016-06-07,0,0,0,0
296,2016,6,8,2016-06-08,0,0,0,0
297,2016,6,9,2016-06-09,0,0,0,0
298,2016,6,10,2016-06-10,0,0,0,0
299,2016,6,11,2016-06-11,0,0,0,0
300,2016,6,12,2016-06-12,0,0,0,0
301,2016,6,13,2016-06-13,0,0,0,0
302,2016,6,14,2016-06-14,0,0,0,0
303,2016,6,15,2016-06-15,0,0,0,0
304,2016,6,16,2016-06-16,0,0,0,0
305,2016,6,17,2016-06-17,0,0,0,0
306,2016,6,18,2016-06-18,0,0,0,0
307,2016,6,19,2016-06-19,0,0,0,0
308,2016,6,20,2016-06-20,0,0,0,0
309,2016,6,21,2016-06-21,0,0,0,0
310,2016,6,22,2016-06-22,0,0,0,0
311,2016,6,23,2016-06-23,0,0,0,0
312,2016,6,24,2016-06-24,0,0,0,0
313,2016,6,25,2016-06-25,0,0,0,0
314,2016,6,26,2016-06-26,0,0,0,0
315,2016,6,27,2016-06-27,0,0,0,0
316,2016,6,28,2016-06-28,0,0,0,0
317,2016,6,29,2016-06-29,0,0,0,0
318,2016,6,30,2016-06-30,0,0,0,0
319,2016,7,1,2016-07-01,0,0,0,0
320,2016,7,2,2016-07-02,0,0,0,0
321,2016,7,3,2016-07-03,0,0,0,0
322,2016,7,4,2016-07-04,0,0,0,0
323,2016,7,5,2016-07-05,0,0,0,0
324,2016,7,6,2016-07-06,0,0,0,0
325,2016,7,7,2016-07-07,0,0,0,0
326,2016,7,8,2016-07-08,0,0,0,0
327,2016,7,9,2016-07-09,0,0,0,0
328,2016,7,10,2016-07-10,0,0,0,0
329,2016,7,11,2016-07-11,0,0,0,0
330,2016,7,12,2016-07-12,0,0,0,0
331,2016,7,13,2016-07-13,0,0,0,0
332,2016,7,14,2016-07-14,0,0,0,0
333,2016,7,15,2016-07-15,0,0,0,0
334,2016,7,16,2016-07-16,0,0,0,0
335,2016,7,17,2016-07-17,0,0,0,0
336,2016,7,18,2016-07-18,0,0,0,0
337,2016,7,19,2016-07-19,0,0,0,0
338,2016,7,20,2016-07-20,0,0,0,0
339,2016,7,21,2016-07-21,0,0,0,0
340,2016,7,22,2016-07-22,0,0,0,0
341,2016,7,23,2016-07-23,0,0,0,0
342,2016,7,24,2016-07-24,0,0,0,0
343,2016,7,25,2016-07-25,0,0,0,0
344,2016,7,26,2016-07-26,0,0,0,0
345,2016,7,27,2016-07-27,0,0,0,0
346,2016,7,28,2016-07-28,0,0,0,0
347,2016,7,29,2016-07-29,0,0,0,0
348,2016,7,30,2016-07-30,0,0,0,0
349,2016,7,31,2016-07-31,0,0,0,0
350,2016,8,1,2016-08-01,0,0,0,0
351,2016,8,2,2016-08-02,0,0,0,0
352,2016,8,3,2016-08-03,0,0,0,0
353,2016,8,4,2016-08-04,0,0,0,0
354,2016,8,5,2016-08-05,0,0,0,0
355,2016,8,6,2016-08-06,0,0,0,0
356,2016,8,7,2016-08-07,0,0,0,0
357,2016,8,8,2016-08-08,0,0,0,0
358,2016,8,9,2016-08-09,0,0,0,0
359,2016,8,10,2016-08-10,0,0,0,0
360,2016,8,11,2016-08-11,0,0,0,0
361,2016,8,12,2016-08-12,0,0,0,0
362,2016,8,13,2016-08-13,0,0,0,0
363,2016,8,14,2016-08-14,0,0,0,0
364,2016,8,15,2016-08-15,0,0,0,0
365,2016,8,16,2016-08-16,0,0,0,0
366,2016,8,17,2016-08-17,0,0,0,0
367,2016,8,18,2016-08-18,0,0,0,0
368,2016,8,19,2016-08-19,0,0,0,0
369,2016,8,20,2016-08-20,0,0,0,0
370,2016,8,21,2016-08-21,0,0,0,0
371,2016,8,22,2016-08-22,0,0,0,0
372,2016,8,23,2016-08-23,0,0,0,0
373,2016,8,24,2016-08-24,0,0,0,0
374,2016,8,25,2016-08-25,0,0,0,0
375,2016,8,26,2016-08-26,0,0,0,0
376,2016,8,27,2016-08-27,0,0,0,0
377,2016,8,28,2016-08-28,0,0,0,0
378,2016,8,29,2016-08-29,0,0,0,0
379,2016,8,30,2016-08-30,0,0,0,0
380,2016,8,31,2016-08-31,0,0,0,0
381,2016,9,1,2016-09-01,0,0,0,0
382,2016,9,2,2016-09-02,0,0,0,0
383,2016,9,3,2016-09-03,0,0,0,0
384,2016,9,4,2016-09-04,0,0,0,0
385,2016,9,5,2016-09-05,0,0,0,0
386,2016,9,6,2016-09-06,0,0,0,0
387,2016,9,7,2016-09-07,0,0,0,0
388,2016,9,8,2016-09-08,0,0,0,0
389,2016,9,9,2016-09-09,0,0,0,0
390,2016,9,10,2016-09-10,0,0,0,0
391,2016,9,11,2016-09-11,0,0,0,0
392,2016,9,12,2016-09-12,0,0,0,0
393,2016,9,13,2016-09-13,0,0,0,0
394,2016,9,14,2016-09-14,0,0,0,0
395,2016,9,15,2016-09-15,0,0,0,0
396,2016,9,16,2016-09-16,0,0,0,0
397,2016,9,17,2016-09-17,0,0,0,0
398,2016,9,18,2016-09-18,0,0,0,0
399,2016,9,19,2016-09-19,0,0,0,0
400,2016,9,20,2016-09-20,0,0,0,0
401,2016,9,21,2016-09-21,0,0,0,0
402,2016,9,22,2016-09-22,0,0,0,0
403,2016,9,23,2016-09-23,0,0,0,0
404,2016,9,24,2016-09-24,0,0,0,0
405,2016,9,25,2016-09-25,8,15,5,5
406,2016,9,26,2016-09-26,8,18,5,5
407,2016,9,27,2016-09-27,8,18,1,1
408,2016,9,28,2016-09-28,0,0,0,0
409,2016,9,29,2016-09-29,0,0,0,0
410,2016,9,30,2016-09-30,0,0,0,0
411,2016,10,1,2016-10-01,10,15,10,10
412,2016,10,2,2016-10-02,10,15,10,10
413,2016,10,3,2016-10-03,15,21,10,10
414,2016,10,4,2016-10-04,12,20,10,10
415,2016,10,5,2016-10-05,10,20,10,10
416,2016,10,6,2016-10-06,10,20,10,10
417,2016,10,7,2016-10-07,10,20,10,10
418,2016,10,8,2016-10-08,10,20,10,10
419,2016,10,9,2016-10-09,10,20,10,10
420,2016,10,10,2016-10-10,10,20,10,10
421,2016,10,11,2016-10-11,10,20,10,10
422,2016,10,12,2016-10-12,10,20,10,10
423,2016,10,13,2016-10-13,10,20,10,10
424,2016,10,14,2016-10-14,10,20,10,10
425,2016,10,15,2016-10-15,10,20,10,10
426,2016,10,16,2016-10-16,10,20,10,10
427,2016,10,17,2016-10-17,10,24,10,10
428,2016,10,18,2016-10-18,10,27,20,15
429,2016,10,19,2016-10-19,10,27,20,20
430,2016,10,20,2016-10-20,10,27,20,20
431,2016,10,21,2016-10-21,16,28,20,20
432,2016,10,22,2016-10-22,12,30,20,20
433,2016,10,23,2016-10-23,18,30,20,25
434,2016,10,24,2016-10-24,18,35,20,25
435,2016,10,25,2016-10-25,21,35,20,25
436,2016,10,26,2016-10-26,21,36,20,25
437,2016,10,27,2016-10-27,21,34,20,25
438,2016,10,28,2016-10-28,20,34,20,25
439,2016,10,29,2016-10-29,20,32,20,25
440,2016,10,30,2016-10-30,22,36,20,25
441,2016,10,31,2016-10-31,23,37,20,25
442,2016,11,1,2016-11-01,23,37,20,20
443,2016,11,2,2016-11-02,23,37,20,20
444,2016,11,3,2016-11-03,19.2008269344359,41.7671957671958,20,25
445,2016,11,4,2016-11-04,19.0596574128766,42.1746031746032,25,30
446,2016,11,5,2016-11-05,18.9184878913172,42.989417989418,30,40
447,2016,11,6,2016-11-06,18.9184878913172,42.989417989418,30,40
448,2016,11,7,2016-11-07,18.9184878913172,42.989417989418,30,40
449,2016,11,8,2016-11-08,18.9184878913172,42.989417989418,30,40
450,2016,11,9,2016-11-09,18.9184878913172,45,30,40
451,2016,11,10,2016-11-10,18.9184878913172,42.989417989418,30,40
452,2016,11,11,2016-11-11,18.9184878913172,42.989417989418,30,40
453,2016,11,12,2016-11-12,18.9184878913172,42.989417989418,30,40
454,2016,11,13,2016-11-13,18.9184878913172,42.989417989418,30,40
455,2016,11,14,2016-11-14,18.9184878913172,42.989417989418,30,40
456,2016,11,15,2016-11-15,18.9184878913172,42.989417989418,30,40
457,2016,11,16,2016-11-16,18.9184878913172,42.989417989418,30,40
458,2016,11,17,2016-11-17,18.9184878913172,42.989417989418,30,40
459,2016,11,18,2016-11-18,25,42.989417989418,30,40
460,2016,11,19,2016-11-19,18.9184878913172,42.989417989418,30,40
461,2016,11,20,2016-11-20,18.9184878913172,42.989417989418,30,40
462,2016,11,21,2016-11-21,18.9184878913172,42.989417989418,30,40
463,2016,11,22,2016-11-22,18.9184878913172,42.989417989418,30,40
464,2016,11,23,2016-11-23,18.9184878913172,42.989417989418,30,40
465,2016,11,24,2016-11-24,18.8243748769443,42.989417989418,33.3333333333333,40
466,2016,11,25,2016-11-25,18.7302618625714,42.989417989418,36.6666666666667,40
467,2016,11,26,2016-11-26,18.6361488481985,42.989417989418,40,40
468,2016,11,27,2016-11-27,18.5420358338256,43.1252204585538,43.3333333333333,41.6666666666667
469,2016,11,28,2016-11-28,18.4479228194527,43.2610229276896,46.6666666666667,43.3333333333333
470,2016,11,29,2016-11-29,18.3538098050797,43.3968253968254,50,45
471,2016,11,30,2016-11-30,18.3538098050797,43.3968253968254,50,45
472,2016,12,1,2016-12-01,24.1666666666667,48.325,50,45
473,2016,12,2,2016-12-02,24.1666666666667,48.125,30,40
474,2016,12,3,2016-12-03,24.1666666666667,48.5249999999999,40,50
475,2016,12,4,2016-12-04,24.1666666666667,48.325,40,45
476,2016,12,5,2016-12-05,24.1666666666667,48.125,40,40
477,2016,12,6,2016-12-06,24.1666666666667,48.125,40,40
478,2016,12,7,2016-12-07,24.1666666666667,48.125,40,40
479,2016,12,8,2016-12-08,24.1666666666667,48.125,40,40
480,2016,12,9,2016-12-09,24.1666666666667,48.125,40,40
481,2016,12,10,2016-12-10,24.1666666666667,48.125,40,40
482,2016,12,11,2016-12-11,25,45,40,40
483,2016,12,12,2016-12-12,24,50,40,40
484,2016,12,13,2016-12-13,24,50,40,40.625
485,2016,12,14,2016-12-14,24,48,40,41.25
486,2016,12,15,2016-12-15,24,48,40,41.875
487,2016,12,16,2016-12-16,24,48,40,42.5
488,2016,12,17,2016-12-17,24.1666666666667,48.25,40,43.125
489,2016,12,18,2016-12-18,24.1666666666667,48.275,40,43.75
490,2016,12,19,2016-12-19,24.1666666666667,48.3,40,44.375
491,2016,12,20,2016-12-20,24.1666666666667,48.325,40,45
492,2016,12,21,2016-12-21,24.1666666666667,48.325,30,45
493,2016,12,22,2016-12-22,24.1666666666667,48.325,30,45
494,2016,12,23,2016-12-23,24.1666666666667,48.325,30,45
495,2016,12,24,2016-12-24,24.1666666666667,48.325,40,45
496,2016,12,25,2016-12-25,24.1666666666667,48.325,40,45
497,2016,12,26,2016-12-26,24.1666666666667,48.325,40,45
498,2016,12,27,2016-12-27,24.1666666666667,48.325,40,45
499,2016,12,28,2016-12-28,24.1666666666667,48.325,40,45
500,2016,12,29,2016-12-29,24.1666666666667,48.125,40,40
501,2016,12,30,2016-12-30,24.1666666666667,48.325,40,45
502,2016,12,31,2016-12-31,24.1666666666667,48.325,40,45
503,2017,1,1,2017-01-01,27.8,58.308261405672,40,45
504,2017,1,2,2017-01-02,27.8,58.308261405672,40,45
505,2017,1,3,2017-01-03,27.8,58.308261405672,40,45
506,2017,1,4,2017-01-04,27,50,40,45
507,2017,1,5,2017-01-05,28,50,40,45
508,2017,1,6,2017-01-06,28,50,40,45
509,2017,1,7,2017-01-07,28,50,40,45
510,2017,1,8,2017-01-08,28,50,40,45
511,2017,1,9,2017-01-09,27.8,58.308261405672,40,45
512,2017,1,10,2017-01-10,27.8,58.308261405672,40,45
513,2017,1,11,2017-01-11,27.8,58.308261405672,40,45
514,2017,1,12,2017-01-12,26.7666666666667,58.6593711467324,41.6666666666667,50
515,2017,1,13,2017-01-13,25.7333333333333,59.0104808877928,43.3333333333333,55
516,2017,1,14,2017-01-14,24.7,59.3615906288533,45,60
517,2017,1,15,2017-01-15,23.6666666666667,59.7127003699137,46.6666666666667,65
518,2017,1,16,2017-01-16,22.6333333333333,60.0638101109741,48.3333333333333,70
519,2017,1,17,2017-01-17,21.6,60.4149198520345,50,75
520,2017,1,18,2017-01-18,21.6,60.4149198520345,50,75
521,2017,1,19,2017-01-19,21.6,60.4149198520345,50,75
522,2017,1,20,2017-01-20,27.8,60.7660295930949,40,80
523,2017,1,21,2017-01-21,27.8,60.7660295930949,40,80
524,2017,1,22,2017-01-22,27.8,60.4149198520345,40,75
525,2017,1,23,2017-01-23,27.8,60.0638101109741,40,70
526,2017,1,24,2017-01-24,21.6,60.4149198520345,50,75
527,2017,1,25,2017-01-25,21.6,60.4149198520345,50,75
528,2017,1,26,2017-01-26,27.8,61.1171393341554,40,85
529,2017,1,27,2017-01-27,27.8,62.1704685573366,40,100
530,2017,1,28,2017-01-28,21.6,62.1704685573366,50,100
531,2017,1,29,2017-01-29,21.6,62.521578298397,50,105
532,2017,1,30,2017-01-30,21.6,62.8726880394575,50,110
533,2017,1,31,2017-01-31,27.8,62.521578298397,40,105
534,2017,2,1,2017-02-01,27,78.1934636146592,40,100
535,2017,2,2,2017-02-02,27,76.7993924983566,40,95
536,2017,2,3,2017-02-03,23,67,40,95
537,2017,2,4,2017-02-04,27,64,40,95
538,2017,2,5,2017-02-05,28,65,40,90
539,2017,2,6,2017-02-06,28,65,40,90
540,2017,2,7,2017-02-07,28,65,40,90
541,2017,2,8,2017-02-08,28,65,40,90
542,2017,2,9,2017-02-09,27,74.0112502657514,40,85
543,2017,2,10,2017-02-10,27,74.0112502657514,40,85
544,2017,2,11,2017-02-11,27,75.405321382054,40,90
545,2017,2,12,2017-02-12,29.4444444444445,80.9816058472643,50,110
546,2017,2,13,2017-02-13,29.4444444444445,80.9816058472643,50,110
547,2017,2,14,2017-02-14,29,88,50,110
548,2017,2,15,2017-02-15,29.4444444444445,80.9816058472643,50,110
549,2017,2,16,2017-02-16,28,84,50,105
550,2017,2,17,2017-02-17,28,84,50,100
551,2017,2,18,2017-02-18,29.4444444444445,78.1934636146592,50,100
552,2017,2,19,2017-02-19,29.4444444444445,78.1934636146592,50,100
553,2017,2,20,2017-02-20,30,86,50,100
554,2017,2,21,2017-02-21,30,86,50,100
555,2017,2,22,2017-02-22,30,81,50,100
556,2017,2,23,2017-02-23,30,81,50,100
557,2017,2,24,2017-02-24,29.4444444444445,78.1934636146592,50,100
558,2017,2,25,2017-02-25,29.4444444444445,79.5875347309617,50,105
559,2017,2,26,2017-02-26,29.4444444444445,79.5875347309617,50,105
560,2017,2,27,2017-02-27,30,86,50,110
561,2017,2,28,2017-02-28,30,85,50,110
562,2017,3,1,2017-03-01,30,81,50,110
563,2017,3,2,2017-03-02,30,84,50,110
564,2017,3,3,2017-03-03,30,84,50,110
565,2017,3,4,2017-03-04,30,84,50,110
566,2017,3,5,2017-03-05,30,81,50,110
567,2017,3,6,2017-03-06,30,81,50,110
568,2017,3,7,2017-03-07,30,81,50,110
569,2017,3,8,2017-03-08,30,81,50,110
570,2017,3,9,2017-03-09,30,81,50,110
571,2017,3,10,2017-03-10,30,83,50,110
572,2017,3,11,2017-03-11,31,82,50,110
573,2017,3,12,2017-03-12,31,82,50,110
574,2017,3,13,2017-03-13,30,84,50,110
575,2017,3,14,2017-03-14,30,84,50,110
576,2017,3,15,2017-03-15,32,86,50,110
577,2017,3,16,2017-03-16,32,86,50,110
578,2017,3,17,2017-03-17,31,86,50,110
579,2017,3,18,2017-03-18,30,86,50,110
580,2017,3,19,2017-03-19,30,86,50,110
581,2017,3,20,2017-03-20,30,86,50,110
582,2017,3,21,2017-03-21,30,86,50,110
583,2017,3,22,2017-03-22,31,86,50,110
584,2017,3,23,2017-03-23,30,86,50,110
585,2017,3,24,2017-03-24,30,87,50,115
586,2017,3,25,2017-03-25,31,88,50,115
587,2017,3,26,2017-03-26,31,87,50,110
588,2017,3,27,2017-03-27,31,88,50,110
589,2017,3,28,2017-03-28,32,89,50,110
590,2017,3,29,2017-03-29,34,89,50,110
591,2017,3,30,2017-03-30,34,90,50,115
592,2017,3,31,2017-03-31,34,90,50,115
593,2017,4,1,2017-04-01,37,91,55,110
594,2017,4,2,2017-04-02,35,91,55,115
595,2017,4,3,2017-04-03,35,91,55,115
596,2017,4,4,2017-04-04,32,90,55,120
597,2017,4,5,2017-04-05,31,89,50,115
598,2017,4,6,2017-04-06,31,89,50,120
599,2017,4,7,2017-04-07,32,89,60,130
600,2017,4,8,2017-04-08,33,89,60,130
601,2017,4,9,2017-04-09,34,89,60,125
602,2017,4,10,2017-04-10,34,89,60,125
603,2017,4,11,2017-04-11,35,88,60,125
604,2017,4,12,2017-04-12,33,89,60,125
605,2017,4,13,2017-04-13,35,89,60,120
606,2017,4,14,2017-04-14,34,89,55,120
607,2017,4,15,2017-04-15,35,89,55,120
608,2017,4,16,2017-04-16,35,89,55,115
609,2017,4,17,2017-04-17,35,89,55,120
610,2017,4,18,2017-04-18,36,89,55,120
611,2017,4,19,2017-04-19,35,89,55,115
612,2017,4,20,2017-04-20,36,89,55,115
613,2017,4,21,2017-04-21,35,88,55,115
614,2017,4,22,2017-04-22,35,88,55,115
615,2017,4,23,2017-04-23,35,88,55,115
616,2017,4,24,2017-04-24,35,89,55,115
617,2017,4,25,2017-04-25,35,88,50,115
618,2017,4,26,2017-04-26,34,88,50,115
619,2017,4,27,2017-04-27,31,86,50,115
620,2017,4,28,2017-04-28,31,86,50,115
621,2017,4,29,2017-04-29,31,85,45,110
622,2017,4,30,2017-04-30,31,82,45,110
623,2017,5,1,2017-05-01,31,85,45,110
624,2017,5,2,2017-05-02,31,83,45,110
625,2017,5,3,2017-05-03,31,86,45,110
626,2017,5,4,2017-05-04,34,85,40,110
627,2017,5,5,2017-05-05,31,85,40,110
628,2017,5,6,2017-05-06,32,90,40,110
629,2017,5,7,2017-05-07,33,90,40,110
630,2017,5,8,2017-05-08,31,89,40,110
631,2017,5,9,2017-05-09,31,88,40,110
632,2017,5,10,2017-05-10,32,86,40,110
633,2017,5,11,2017-05-11,30,85,35,100
634,2017,5,12,2017-05-12,23,80,30,95
635,2017,5,13,2017-05-13,21,82,35,95
636,2017,5,14,2017-05-14,16,70,25,90
637,2017,5,15,2017-05-15,11,61,20,85
638,2017,5,16,2017-05-16,10,60,20,80
639,2017,5,17,2017-05-17,5,53,10,80
640,2017,5,18,2017-05-18,5,50,10,75
641,2017,5,19,2017-05-19,0,48,0,65
642,2017,5,20,2017-05-20,0,40,0,60
643,2017,5,21,2017-05-21,0,39,0,65
644,2017,5,22,2017-05-22,0,31,0,60
645,2017,5,23,2017-05-23,0,30,0,50
646,2017,5,24,2017-05-24,0,20,0,50
647,2017,5,25,2017-05-25,0,20,0,50
648,2017,5,26,2017-05-26,0,20,0,40
649,2017,5,27,2017-05-27,0,0,0,30
650,2017,5,28,2017-05-28,0,0,0,25
651,2017,5,29,2017-05-29,0,0,0,20
652,2017,5,30,2017-05-30,0,0,0,10
653,2017,5,31,2017-05-31,0,0,0,10
654,2017,6,1,2017-06-01,0,0,0,10
655,2017,6,2,2017-06-02,0,0,0,10
656,2017,6,3,2017-06-03,0,0,0,5
657,2017,6,4,2017-06-04,0,0,0,0
658,2017,6,5,2017-06-05,0,0,0,0
659,2017,6,6,2017-06-06,0,0,0,0
660,2017,6,7,2017-06-07,0,0,0,0
661,2017,6,8,2017-06-08,0,0,0,0
662,2017,6,9,2017-06-09,0,0,0,0
663,2017,6,10,2017-06-10,0,0,0,0
664,2017,6,11,2017-06-11,0,0,0,0
665,2017,6,12,2017-06-12,0,0,0,0
666,2017,6,13,2017-06-13,10,24,10,20
667,2017,6,14,2017-06-14,0,8,0,5
668,2017,6,15,2017-06-15,0,0,0,0
669,2017,6,16,2017-06-16,0,0,0,0
670,2017,6,17,2017-06-17,0,0,0,0
671,2017,6,18,2017-06-18,0,0,0,0
672,2017,6,19,2017-06-19,0,0,0,0
673,2017,6,20,2017-06-20,0,0,0,0
674,2017,6,21,2017-06-21,0,0,0,0
675,2017,6,22,2017-06-22,0,0,0,0
676,2017,6,23,2017-06-23,0,0,0,0
677,2017,6,24,2017-06-24,0,0,0,0
678,2017,6,25,2017-06-25,0,0,0,0
679,2017,6,26,2017-06-26,0,0,0,0
680,2017,6,27,2017-06-27,0,0,0,0
681,2017,6,28,2017-06-28,0,0,0,0
682,2017,6,29,2017-06-29,0,0,0,0
683,2017,6,30,2017-06-30,0,0,0,0
684,2017,7,1,2017-07-01,0,0,0,0
685,2017,7,2,2017-07-02,0,0,0,0
686,2017,7,3,2017-07-03,0,0,0,0
687,2017,7,4,2017-07-04,0,0,0,0
688,2017,7,5,2017-07-05,0,0,0,0
689,2017,7,6,2017-07-06,0,0,0,0
690,2017,7,7,2017-07-07,0,0,0,0
691,2017,7,8,2017-07-08,0,0,0,0
692,2017,7,9,2017-07-09,0,0,0,0
693,2017,7,10,2017-07-10,0,0,0,0
694,2017,7,11,2017-07-11,0,0,0,0
695,2017,7,12,2017-07-12,0,0,0,0
696,2017,7,13,2017-07-13,0,0,0,0
697,2017,7,14,2017-07-14,0,0,0,0
698,2017,7,15,2017-07-15,0,0,0,0
699,2017,7,16,2017-07-16,0,0,0,0
700,2017,7,17,2017-07-17,0,0,0,0
701,2017,7,18,2017-07-18,0,0,0,0
702,2017,7,19,2017-07-19,0,0,0,0
703,2017,7,20,2017-07-20,0,0,0,0
704,2017,7,21,2017-07-21,0,0,0,0
705,2017,7,22,2017-07-22,0,0,0,0
706,2017,7,23,2017-07-23,0,0,0,0
707,2017,7,24,2017-07-24,0,0,0,0
708,2017,7,25,2017-07-25,0,0,0,0
709,2017,7,26,2017-07-26,0,0,0,0
710,2017,7,27,2017-07-27,0,0,0,0
711,2017,7,28,2017-07-28,0,0,0,0
712,2017,7,29,2017-07-29,0,0,0,0
713,2017,7,30,2017-07-30,0,0,0,0
714,2017,7,31,2017-07-31,0,0,0,0
715,2017,8,1,2017-08-01,0,0,0,0
716,2017,8,2,2017-08-02,0,0,0,0
717,2017,8,3,2017-08-03,0,0,0,0
718,2017,8,4,2017-08-04,0,0,0,0
719,2017,8,5,2017-08-05,0,0,0,0
720,2017,8,6,2017-08-06,0,0,0,0
721,2017,8,7,2017-08-07,0,0,0,0
722,2017,8,8,2017-08-08,0,0,0,0
723,2017,8,9,2017-08-09,0,0,0,0
724,2017,8,10,2017-08-10,0,0,0,0
725,2017,8,11,2017-08-11,0,0,0,0
726,2017,8,12,2017-08-12,0,0,0,0
727,2017,8,13,2017-08-13,0,0,0,0
728,2017,8,14,2017-08-14,0,0,0,0
729,2017,8,15,2017-08-15,0,0,0,0
730,2017,8,16,2017-08-16,0,0,0,0
731,2017,8,17,2017-08-17,0,0,0,0
732,2017,8,18,2017-08-18,0,0,0,0
733,2017,8,19,2017-08-19,0,0,0,0
734,2017,8,20,2017-08-20,0,0,0,0
735,2017,8,21,2017-08-21,0,0,0,0
736,2017,8,22,2017-08-22,0,0,0,0
737,2017,8,23,2017-08-23,0,0,0,0
738,2017,8,24,2017-08-24,0,0,0,0
739,2017,8,25,2017-08-25,0,0,0,0
740,2017,8,26,2017-08-26,0,0,0,0
741,2017,8,27,2017-08-27,0,0,0,0
742,2017,8,28,2017-08-28,0,0,0,0
743,2017,8,29,2017-08-29,0,0,0,0
744,2017,8,30,2017-08-30,0,0,0,0
745,2017,8,31,2017-08-31,0,0,0,0
746,2017,9,1,2017-09-01,0,0,0,0
747,2017,9,2,2017-09-02,0,0,0,0
748,2017,9,3,2017-09-03,0,0,0,0
749,2017,9,4,2017-09-04,0,0,0,0
750,2017,9,5,2017-09-05,0,0,0,0
751,2017,9,6,2017-09-06,0,0,0,0
752,2017,9,7,2017-09-07,0,0,0,0
753,2017,9,8,2017-09-08,0,0,0,0
754,2017,9,9,2017-09-09,0,0,0,0
755,2017,9,10,2017-09-10,0,0,0,0
756,2017,9,11,2017-09-11,0,0,0,0
757,2017,9,12,2017-09-12,0,0,0,0
758,2017,9,13,2017-09-13,0,0,0,0
759,2017,9,14,2017-09-14,0,0,0,0
760,2017,9,15,2017-09-15,0,0,0,0
761,2017,9,16,2017-09-16,0,0,0,0
762,2017,9,17,2017-09-17,0,0,0,0
763,2017,9,18,2017-09-18,0,0,0,0
764,2017,9,19,2017-09-19,0,0,0,0
765,2017,9,20,2017-09-20,0,0,0,0
766,2017,9,21,2017-09-21,0,0,5,5
767,2017,9,22,2017-09-22,0,0,0,0
768,2017,9,23,2017-09-23,0,0,0,0
769,2017,9,24,2017-09-24,0,0,0,0
770,2017,9,25,2017-09-25,0,0,0,0
771,2017,9,26,2017-09-26,0,0,0,0
772,2017,9,27,2017-09-27,0,0,0,0
773,2017,9,28,2017-09-28,0,0,0,0
774,2017,9,29,2017-09-29,0,0,0,0
775,2017,9,30,2017-09-30,0,0,0,0
776,2017,10,1,2017-10-01,0,0,0,0
777,2017,10,2,2017-10-02,0,0,0,0
778,2017,10,3,2017-10-03,0,5,0,5
779,2017,10,4,2017-10-04,0,0,0,0
780,2017,10,5,2017-10-05,0,0,0,0
781,2017,10,6,2017-10-06,0,5,0,5
782,2017,10,7,2017-10-07,0,0,0,0
783,2017,10,8,2017-10-08,0,0,0,0
784,2017,10,9,2017-10-09,5,5,5,5
785,2017,10,10,2017-10-10,5.98956617243273,15.3471722092777,5,5
786,2017,10,11,2017-10-11,5.98956617243273,15.3471722092777,5,5
787,2017,10,12,2017-10-12,9.38660076880835,15.3471722092777,10,5
788,2017,10,13,2017-10-13,9.38660076880835,20.6653251429782,10,10
789,2017,10,14,2017-10-14,9.38660076880835,20.6653251429782,10,10
790,2017,10,15,2017-10-15,9.38660076880835,20.6653251429782,10,10
791,2017,10,16,2017-10-16,9.38660076880835,20.6653251429782,10,10
792,2017,10,17,2017-10-17,9.38660076880835,20.6653251429782,10,10
793,2017,10,18,2017-10-18,9.38660076880835,20.6653251429782,10,10
794,2017,10,19,2017-10-19,9.38660076880835,20.6653251429782,10,10
795,2017,10,20,2017-10-20,9.38660076880835,20.6653251429782,10,10
796,2017,10,21,2017-10-21,9.38660076880835,20.6653251429782,10,10
797,2017,10,22,2017-10-22,9.38660076880835,20.6653251429782,10,10
798,2017,10,23,2017-10-23,9.38660076880835,20.6653251429782,10,10
799,2017,10,24,2017-10-24,9.38660076880835,20.6653251429782,10,10
800,2017,10,25,2017-10-25,9.38660076880835,20.6653251429782,10,10
801,2017,10,26,2017-10-26,9.38660076880835,20.6653251429782,10,10
802,2017,10,27,2017-10-27,9.38660076880835,20.6653251429782,10,10
803,2017,10,28,2017-10-28,9.38660076880835,31.3016310103791,10,20
804,2017,10,29,2017-10-29,16.1806699615596,31.3016310103791,20,20
805,2017,10,30,2017-10-30,16.1806699615596,31.3016310103791,20,20
806,2017,10,31,2017-10-31,16.1806699615596,41.9379368777801,20,30
807,2017,11,1,2017-11-01,19.2008269344359,41.7671957671958,20,25
808,2017,11,2,2017-11-02,19.2008269344359,41.7671957671958,20,25
809,2017,11,3,2017-11-03,19.2008269344359,41.7671957671958,20,25
810,2017,11,4,2017-11-04,19.2008269344359,41.7671957671958,20,25
811,2017,11,5,2017-11-05,19.2008269344359,41.7671957671958,20,25
812,2017,11,6,2017-11-06,19.2008269344359,41.7671957671958,20,25
813,2017,11,7,2017-11-07,19.2008269344359,41.7671957671958,20,25
814,2017,11,8,2017-11-08,19.2008269344359,41.7671957671958,20,25
815,2017,11,9,2017-11-09,19.2008269344359,42.1746031746032,20,30
816,2017,11,10,2017-11-10,19.2008269344359,42.1746031746032,20,30
817,2017,11,11,2017-11-11,19.2008269344359,42.1746031746032,20,30
818,2017,11,12,2017-11-12,19.2008269344359,42.1746031746032,20,30
819,2017,11,13,2017-11-13,19.2008269344359,42.1746031746032,20,30
820,2017,11,14,2017-11-14,19.2008269344359,42.1746031746032,20,30
821,2017,11,15,2017-11-15,19.2008269344359,42.1746031746032,20,30
822,2017,11,16,2017-11-16,19.2008269344359,42.1746031746032,20,30
823,2017,11,17,2017-11-17,19.2008269344359,42.5820105820106,20,35
824,2017,11,18,2017-11-18,19.2008269344359,42.1746031746032,20,30
825,2017,11,19,2017-11-19,19.2008269344359,42.1746031746032,20,30
826,2017,11,20,2017-11-20,19.2008269344359,42.1746031746032,20,30
827,2017,11,21,2017-11-21,19.2008269344359,42.1746031746032,20,30
828,2017,11,22,2017-11-22,19.2008269344359,42.1746031746032,20,30
829,2017,11,23,2017-11-23,19.2008269344359,42.1746031746032,20,30
830,2017,11,24,2017-11-24,19.2008269344359,42.1746031746032,20,30
831,2017,11,25,2017-11-25,19.2008269344359,42.1746031746032,20,30
832,2017,11,26,2017-11-26,19.2008269344359,42.1746031746032,20,30
833,2017,11,27,2017-11-27,19.2008269344359,42.5820105820106,20,35
834,2017,11,28,2017-11-28,19.2008269344359,42.5820105820106,20,35
835,2017,11,29,2017-11-29,19.2008269344359,42.5820105820106,20,35
836,2017,11,30,2017-11-30,18.9184878913172,42.989417989418,30,40
837,2017,12,1,2017-12-01,24.1666666666667,48.125,30,40
838,2017,12,2,2017-12-02,24.1666666666667,48.125,30,40
839,2017,12,3,2017-12-03,24.1666666666667,48.125,30,40
840,2017,12,4,2017-12-04,24.1666666666667,48.125,30,40
841,2017,12,5,2017-12-05,24.1666666666667,48.125,30,40
842,2017,12,6,2017-12-06,24.1666666666667,48.125,30,40
843,2017,12,7,2017-12-07,24.1666666666667,48.125,30,40
844,2017,12,8,2017-12-08,24.1666666666667,48.125,30,40
845,2017,12,9,2017-12-09,24.1666666666667,48.125,30,40
846,2017,12,10,2017-12-10,24.1666666666667,48.1583333333333,30.8333333333333,40.8333333333333
847,2017,12,11,2017-12-11,24.1666666666667,48.1916666666667,31.6666666666667,41.6666666666667
848,2017,12,12,2017-12-12,24.1666666666667,48.225,32.5,42.5
849,2017,12,13,2017-12-13,24.1666666666667,48.2583333333333,33.3333333333333,43.3333333333333
850,2017,12,14,2017-12-14,24.1666666666667,48.2916666666667,34.1666666666667,44.1666666666667
851,2017,12,15,2017-12-15,24.1666666666667,48.325,35,45
852,2017,12,16,2017-12-16,24.1666666666667,48.3583333333333,35.8333333333333,45.8333333333333
853,2017,12,17,2017-12-17,24.1666666666667,48.3916666666666,36.6666666666667,46.6666666666667
854,2017,12,18,2017-12-18,24.1666666666667,48.425,37.5,47.5
855,2017,12,19,2017-12-19,24.1666666666667,48.4583333333333,38.3333333333333,48.3333333333333
856,2017,12,20,2017-12-20,24.1666666666667,48.4916666666666,39.1666666666667,49.1666666666667
857,2017,12,21,2017-12-21,24.1666666666667,48.5249999999999,40,50
858,2017,12,22,2017-12-22,24.1666666666667,48.5249999999999,40,50
859,2017,12,23,2017-12-23,24.1666666666667,48.5249999999999,40.8333333333333,50
860,2017,12,24,2017-12-24,24.1666666666667,48.5249999999999,41.6666666666667,50
861,2017,12,25,2017-12-25,24.1666666666667,48.5249999999999,42.5,50
862,2017,12,26,2017-12-26,24.1666666666667,48.5249999999999,43.3333333333333,50
863,2017,12,27,2017-12-27,24.1666666666667,48.5249999999999,44.1666666666667,50
864,2017,12,28,2017-12-28,24.1666666666667,48.5249999999999,45,50
865,2017,12,29,2017-12-29,24.1666666666667,48.5249999999999,45.8333333333333,50
866,2017,12,30,2017-12-30,24.1666666666667,48.5249999999999,46.6666666666667,50
867,2017,12,31,2017-12-31,24.1666666666667,48.5249999999999,47.5,50
868,2018,1,1,2018-01-01,22.6333333333333,58.6593711467324,48.3333333333333,50
869,2018,1,2,2018-01-02,22.1166666666667,58.6593711467324,49.1666666666667,50
870,2018,1,3,2018-01-03,21.6,58.6593711467324,50,50
871,2018,1,4,2018-01-04,21.6,58.7998150431566,50,52
872,2018,1,5,2018-01-05,21.6,58.9402589395808,50,54
873,2018,1,6,2018-01-06,21.6,59.0807028360049,50,56
874,2018,1,7,2018-01-07,21.6,59.2211467324291,50,58
875,2018,1,8,2018-01-08,21.6,59.3615906288533,50,60
876,2018,1,9,2018-01-09,21.6,59.3615906288533,50,60
877,2018,1,10,2018-01-10,21.6,59.3615906288533,50,60
878,2018,1,11,2018-01-11,21.6,59.3615906288533,50,60
879,2018,1,12,2018-01-12,21.6,59.3615906288533,50,60
880,2018,1,13,2018-01-13,21.6,59.3615906288533,50,60
881,2018,1,14,2018-01-14,21.6,59.3615906288533,50,60
882,2018,1,15,2018-01-15,21.6,59.3615906288533,50,60
883,2018,1,16,2018-01-16,21.6,75,50,60
884,2018,1,17,2018-01-17,21.6,75,50,60
885,2018,1,18,2018-01-18,21.6,59.3615906288533,50,60
886,2018,1,19,2018-01-19,21.6,59.3615906288533,50,60
887,2018,1,20,2018-01-20,21.6,59.3615906288533,50,60
888,2018,1,21,2018-01-21,21.6,59.3615906288533,50,60
889,2018,1,22,2018-01-22,21.6,59.3615906288533,50,60
890,2018,1,23,2018-01-23,21.6,59.3615906288533,50,60
891,2018,1,24,2018-01-24,21.6,59.3615906288533,50,60
892,2018,1,25,2018-01-25,21.6,59.3615906288533,50,60
893,2018,1,26,2018-01-26,21.6,59.3615906288533,50,60
894,2018,1,27,2018-01-27,24.7,70,45,55
895,2018,1,28,2018-01-28,21.6,70,50,60
896,2018,1,29,2018-01-29,21.6,59.3908497739416,50,60.4166666666667
897,2018,1,30,2018-01-30,21.6,59.42010891903,50,60.8333333333333
898,2018,1,31,2018-01-31,21.6,59.4493680641184,50,61.25
899,2018,2,1,2018-02-01,29.4444444444445,67.5055850563393,50,61.6666666666667
900,2018,2,2,2018-02-02,29.4444444444445,67.6217576493645,50,62.0833333333333
901,2018,2,3,2018-02-03,29.4444444444445,67.7379302423897,50,62.5
902,2018,2,4,2018-02-04,29.4444444444445,70,50,62.9166666666667
903,2018,2,5,2018-02-05,29.4444444444445,70,50,63.3333333333333
904,2018,2,6,2018-02-06,29.4444444444445,70,50,63.75
905,2018,2,7,2018-02-07,29.4444444444445,70,50,64.1666666666667
906,2018,2,8,2018-02-08,29.4444444444445,70,50,64.5833333333333
907,2018,2,9,2018-02-09,29.4444444444445,65,50,65
908,2018,2,10,2018-02-10,29.4444444444445,65,50,65
909,2018,2,11,2018-02-11,29.4444444444445,70,50,65
910,2018,2,12,2018-02-12,29.4444444444445,70,50,65
911,2018,2,13,2018-02-13,29.4444444444445,70,50,65
912,2018,2,14,2018-02-14,29.4444444444445,70,50,60
913,2018,2,15,2018-02-15,29.4444444444445,70,50,60
914,2018,2,16,2018-02-16,29.4444444444445,70,50,60
915,2018,2,17,2018-02-17,29.4444444444445,70,50,60
916,2018,2,18,2018-02-18,29.4444444444445,70,50,75
917,2018,2,19,2018-02-19,29.4444444444445,70,50,70
918,2018,2,20,2018-02-20,29.4444444444445,70,50,70
919,2018,2,21,2018-02-21,29.4444444444445,71.2231080331462,50,75
920,2018,2,22,2018-02-22,29.4444444444445,71.2231080331462,50,75
921,2018,2,23,2018-02-23,29.4444444444445,71.2231080331462,50,75
922,2018,2,24,2018-02-24,29.4444444444445,72.6171791494488,50,80
923,2018,2,25,2018-02-25,29.4444444444445,75,50,80
924,2018,2,26,2018-02-26,29.4444444444445,72.6171791494488,50,80
925,2018,2,27,2018-02-27,29.4444444444445,74.0112502657514,50,85
926,2018,2,28,2018-02-28,29.4444444444445,70,50,85
927,2018,3,1,2018-03-01,31.1250000000001,80.0656770264739,50,85
928,2018,3,2,2018-03-02,31.1250000000001,70,50,80
929,2018,3,3,2018-03-03,31.1250000000001,79.4747714246726,50,80
930,2018,3,4,2018-03-04,31.1250000000001,80.6565826282752,50,90
931,2018,3,5,2018-03-05,31.1250000000001,80.6565826282752,50,90
932,2018,3,6,2018-03-06,31.1250000000001,80.6565826282752,50,90
933,2018,3,7,2018-03-07,31.1250000000001,80.6565826282752,50,90
934,2018,3,8,2018-03-08,31.1250000000001,75,50,90
935,2018,3,9,2018-03-09,31.1250000000001,70,50,85
936,2018,3,10,2018-03-10,36.6180555555556,81.8383938318778,55,100
937,2018,3,11,2018-03-11,36.6180555555556,81.8383938318778,55,100
938,2018,3,12,2018-03-12,36.6180555555556,81.8383938318778,55,100
939,2018,3,13,2018-03-13,31.1250000000001,80,50,95
940,2018,3,14,2018-03-14,31.1250000000001,80,50,95
941,2018,3,15,2018-03-15,31.1250000000001,80,50,90
942,2018,3,16,2018-03-16,31.1250000000001,80,50,95
943,2018,3,17,2018-03-17,31.1250000000001,80,50,95
944,2018,3,18,2018-03-18,31.1250000000001,80,50,90
945,2018,3,19,2018-03-19,31.1250000000001,80,50,90
946,2018,3,20,2018-03-20,31.1250000000001,80,50,90
947,2018,3,21,2018-03-21,31.1250000000001,80,50,90
948,2018,3,22,2018-03-22,31.1250000000001,80,50,90
949,2018,3,23,2018-03-23,31.1250000000001,80,50,85
950,2018,3,24,2018-03-24,31.1250000000001,80,50,85
951,2018,3,25,2018-03-25,31.1250000000001,80,50,85
952,2018,3,26,2018-03-26,31.1250000000001,80,50,85
953,2018,3,27,2018-03-27,31.1250000000001,80,50,80
954,2018,3,28,2018-03-28,31.1250000000001,80,50,80
955,2018,3,29,2018-03-29,31.1250000000001,80,50,80
956,2018,3,30,2018-03-30,31.1250000000001,80,50,80
957,2018,3,31,2018-03-31,31.1250000000001,80,50,80
958,2018,4,1,2018-04-01,34.0681818181818,80,50,80
959,2018,4,2,2018-04-02,34.0681818181818,80,50,80
960,2018,4,3,2018-04-03,34.0681818181818,75,50,80
961,2018,4,4,2018-04-04,34.0681818181818,75,50,80
962,2018,4,5,2018-04-05,34.0681818181818,75,50,80
963,2018,4,6,2018-04-06,34.0681818181818,75,50,80
964,2018,4,7,2018-04-07,34.0681818181818,75,50,80
965,2018,4,8,2018-04-08,34.0681818181818,75,50,80
966,2018,4,9,2018-04-09,34.0681818181818,75,50,80
967,2018,4,10,2018-04-10,34.0681818181818,75,50,80
968,2018,4,11,2018-04-11,34.0681818181818,75,50,80
969,2018,4,12,2018-04-12,34.0681818181818,75,50,80
970,2018,4,13,2018-04-13,34.0681818181818,80,50,80
971,2018,4,14,2018-04-14,34.0681818181818,80,50,80
972,2018,4,15,2018-04-15,34.0681818181818,80,50,80
973,2018,4,16,2018-04-16,34.0681818181818,80,50,80
974,2018,4,17,2018-04-17,34.0681818181818,80,50,75
975,2018,4,18,2018-04-18,34.0681818181818,80,50,75
976,2018,4,19,2018-04-19,34.0681818181818,80,50,80
977,2018,4,20,2018-04-20,36.7906698564593,85,55,100
978,2018,4,21,2018-04-21,36.7906698564593,85,55,110
979,2018,4,22,2018-04-22,34.0681818181818,85,50,110
980,2018,4,23,2018-04-23,34.0681818181818,85,50,110
981,2018,4,24,2018-04-24,34.0681818181818,85,50,100
982,2018,4,25,2018-04-25,34.0681818181818,85,50,100
983,2018,4,26,2018-04-26,34.0681818181818,85,50,95
984,2018,4,27,2018-04-27,34.0681818181818,85,50,95
985,2018,4,28,2018-04-28,31.3456937799043,85,45,90
986,2018,4,29,2018-04-29,31.3456937799043,85,45,90
987,2018,4,30,2018-04-30,34.0681818181818,85,50,90
988,2018,5,1,2018-05-01,34.7963833408811,85,50,90
989,2018,5,2,2018-05-02,34.7963833408811,85,50,90
990,2018,5,3,2018-05-03,34.7963833408811,85,50,100
991,2018,5,4,2018-05-04,34.7963833408811,85,50,105
992,2018,5,5,2018-05-05,31.3054796445805,85,45,95
993,2018,5,6,2018-05-06,27.8145759482799,80,40,85
994,2018,5,7,2018-05-07,31.3054796445805,85,45,90
995,2018,5,8,2018-05-08,34.7963833408811,90,50,90
996,2018,5,9,2018-05-09,31.3054796445805,85,45,90
997,2018,5,10,2018-05-10,27.8145759482799,85,40,90
998,2018,5,11,2018-05-11,27.8145759482799,80,40,80
999,2018,5,12,2018-05-12,20.8327685556788,70,30,75
1000,2018,5,13,2018-05-13,13.8509611630776,70,20,70
1001,2018,5,14,2018-05-14,13.8509611630776,70,20,70
1002,2018,5,15,2018-05-15,13.8509611630776,70,20,70
1003,2018,5,16,2018-05-16,13.8509611630776,70,20,70
1004,2018,5,17,2018-05-17,13.8509611630776,70,20,65
1005,2018,5,18,2018-05-18,6.86915377047644,65,10,60
1006,2018,5,19,2018-05-19,6.86915377047644,60,10,55
1007,2018,5,20,2018-05-20,0,50,0,45
1008,2018,5,21,2018-05-21,0,50,0,40
1009,2018,5,22,2018-05-22,0,29.3481247787023,0,30
1010,2018,5,23,2018-05-23,0,22.6509679007701,0,20
1011,2018,5,24,2018-05-24,0,21.235282406972,0,20
1012,2018,5,25,2018-05-25,0,19.8195969131739,0.683581607599911,45.3061094280434
1013,2018,5,26,2018-05-26,0,18.4039114193757,0.683581607599911,45.3061094280434
1014,2018,5,27,2018-05-27,0,16.9882259255776,0.683581607599911,45.3061094280434
1015,2018,5,28,2018-05-28,0,15.5725404317795,0.683581607599911,45.3061094280434
1016,2018,5,29,2018-05-29,0,14.1568549379813,0.683581607599911,45.3061094280434
1017,2018,5,30,2018-05-30,0,12.7411694441832,0.683581607599911,45.3061094280434
1018,2018,5,31,2018-05-31,0,11.3254839503851,0.683581607599911,45.3061094280434
1019,2018,6,1,2018-06-01,0,9.90979845658693,8.59975056989852e-17,1.1864406779661
1020,2018,6,2,2018-06-02,0,8.4941129627888,8.59975056989852e-17,1.1864406779661
1021,2018,6,3,2018-06-03,0,7.07842746899066,8.59975056989852e-17,1.1864406779661
1022,2018,6,4,2018-06-04,0,5.66274197519253,8.59975056989852e-17,1.1864406779661
1023,2018,6,5,2018-06-05,0,4.2470564813944,8.59975056989852e-17,1.1864406779661
1024,2018,6,6,2018-06-06,0,2.83137098759627,8.59975056989852e-17,1.1864406779661
1025,2018,6,7,2018-06-07,0,1.41568549379813,8.59975056989852e-17,1.1864406779661
1026,2018,6,8,2018-06-08,0,0,8.59975056989852e-17,1.1864406779661
1027,2018,6,9,2018-06-09,0,0,8.59975056989852e-17,1.1864406779661
1028,2018,6,10,2018-06-10,0,0,8.59975056989852e-17,1.1864406779661
1029,2018,6,11,2018-06-11,0,0,8.59975056989852e-17,1.1864406779661
1030,2018,6,12,2018-06-12,0,0,8.59975056989852e-17,1.1864406779661
1031,2018,6,13,2018-06-13,0,0,8.59975056989852e-17,1.1864406779661
1032,2018,6,14,2018-06-14,0,0,8.59975056989852e-17,1.1864406779661
1033,2018,6,15,2018-06-15,0,0,8.59975056989852e-17,1.1864406779661
1034,2018,6,16,2018-06-16,0,0,8.59975056989852e-17,1.1864406779661
1035,2018,6,17,2018-06-17,0,0,8.59975056989852e-17,1.1864406779661
1036,2018,6,18,2018-06-18,0,0,8.59975056989852e-17,1.1864406779661
1037,2018,6,19,2018-06-19,0,0,8.59975056989852e-17,1.1864406779661
1038,2018,6,20,2018-06-20,0,0,8.59975056989852e-17,1.1864406779661
1039,2018,6,21,2018-06-21,0,0,8.59975056989852e-17,1.1864406779661
1040,2018,6,22,2018-06-22,0,0,8.59975056989852e-17,1.1864406779661
1041,2018,6,23,2018-06-23,0,0,8.59975056989852e-17,1.1864406779661
1042,2018,6,24,2018-06-24,0,0,8.59975056989852e-17,1.1864406779661
1043,2018,6,25,2018-06-25,0,0,8.59975056989852e-17,1.1864406779661
1044,2018,6,26,2018-06-26,0,0,8.59975056989852e-17,1.1864406779661
1045,2018,6,27,2018-06-27,0,0,8.59975056989852e-17,1.1864406779661
1046,2018,6,28,2018-06-28,0,0,8.59975056989852e-17,1.1864406779661
1047,2018,6,29,2018-06-29,0,0,8.59975056989852e-17,1.1864406779661
1048,2018,6,30,2018-06-30,0,0,8.59975056989852e-17,1.1864406779661
1049,2018,7,1,2018-07-01,0,0,0,0
1050,2018,7,2,2018-07-02,0,0,0,0
1051,2018,7,3,2018-07-03,0,0,0,0
1052,2018,7,4,2018-07-04,0,0,0,0
1053,2018,7,5,2018-07-05,0,0,0,0
1054,2018,7,6,2018-07-06,0,0,0,0
1055,2018,7,7,2018-07-07,0,0,0,0
1056,2018,7,8,2018-07-08,0,0,0,0
1057,2018,7,9,2018-07-09,0,0,0,0
1058,2018,7,10,2018-07-10,0,0,0,0
1059,2018,7,11,2018-07-11,0,0,0,0
1060,2018,7,12,2018-07-12,0,0,0,0
1061,2018,7,13,2018-07-13,0,0,0,0
1062,2018,7,14,2018-07-14,0,0,0,0
1063,2018,7,15,2018-07-15,0,0,0,0
1064,2018,7,16,2018-07-16,0,0,0,0
1065,2018,7,17,2018-07-17,0,0,0,0
1066,2018,7,18,2018-07-18,0,0,0,0
1067,2018,7,19,2018-07-19,0,0,0,0
1068,2018,7,20,2018-07-20,0,0,0,0
1069,2018,7,21,2018-07-21,0,0,0,0
1070,2018,7,22,2018-07-22,0,0,0,0
1071,2018,7,23,2018-07-23,0,0,0,0
1072,2018,7,24,2018-07-24,0,0,0,0
1073,2018,7,25,2018-07-25,0,0,0,0
1074,2018,7,26,2018-07-26,0,0,0,0
1075,2018,7,27,2018-07-27,0,0,0,0
1076,2018,7,28,2018-07-28,0,0,0,0
1077,2018,7,29,2018-07-29,0,0,0,0
1078,2018,7,30,2018-07-30,0,0,0,0
1079,2018,7,31,2018-07-31,0,0,0,0
1080,2018,8,1,2018-08-01,0,0,0,0
1081,2018,8,2,2018-08-02,0,0,0,0
1082,2018,8,3,2018-08-03,0,0,0,0
1083,2018,8,4,2018-08-04,0,0,0,0
1084,2018,8,5,2018-08-05,0,0,0,0
1085,2018,8,6,2018-08-06,0,0,0,0
1086,2018,8,7,2018-08-07,0,0,0,0
1087,2018,8,8,2018-08-08,0,0,0,0
1088,2018,8,9,2018-08-09,0,0,0,0
1089,2018,8,10,2018-08-10,0,0,0,0
1090,2018,8,11,2018-08-11,0,0,0,0
1091,2018,8,12,2018-08-12,0,0,0,0
1092,2018,8,13,2018-08-13,0,0,0,0
1093,2018,8,14,2018-08-14,0,0,0,0
1094,2018,8,15,2018-08-15,0,0,0,0
1095,2018,8,16,2018-08-16,0,0,0,0
1096,2018,8,17,2018-08-17,0,0,0,0
1097,2018,8,18,2018-08-18,0,0,0,0
1098,2018,8,19,2018-08-19,0,0,0,0
1099,2018,8,20,2018-08-20,0,0,0,0
1100,2018,8,21,2018-08-21,0,0,0,0
1101,2018,8,22,2018-08-22,0,0,0,0
1102,2018,8,23,2018-08-23,0,0,0,0
1103,2018,8,24,2018-08-24,0,0,0,0
1104,2018,8,25,2018-08-25,0,0,0,0
1105,2018,8,26,2018-08-26,0,0,0,0
1106,2018,8,27,2018-08-27,0,0,0,0
1107,2018,8,28,2018-08-28,0,0,0,0
1108,2018,8,29,2018-08-29,0,0,0,0
1109,2018,8,30,2018-08-30,0,0,0,0
1110,2018,8,31,2018-08-31,0,0,0,0
1111,2018,9,1,2018-09-01,0,0,0.148308680197223,0.148308680197223
1112,2018,9,2,2018-09-02,0,0,0.148308680197223,0.148308680197223
1113,2018,9,3,2018-09-03,0,0,0.148308680197223,0.148308680197223
1114,2018,9,4,2018-09-04,0,0,0.148308680197223,0.148308680197223
1115,2018,9,5,2018-09-05,0,0,0.148308680197223,0.148308680197223
1116,2018,9,6,2018-09-06,0,0,0.148308680197223,0.148308680197223
1117,2018,9,7,2018-09-07,0,0,0.148308680197223,0.148308680197223
1118,2018,9,8,2018-09-08,0,0,0.148308680197223,0.148308680197223
1119,2018,9,9,2018-09-09,0,0,0.148308680197223,0.148308680197223
1120,2018,9,10,2018-09-10,0,0,0.148308680197223,0.148308680197223
1121,2018,9,11,2018-09-11,0,0,0.148308680197223,0.148308680197223
1122,2018,9,12,2018-09-12,0,0,0.148308680197223,0.148308680197223
1123,2018,9,13,2018-09-13,0,0,0.148308680197223,0.148308680197223
1124,2018,9,14,2018-09-14,0,0,0.148308680197223,0.148308680197223
1125,2018,9,15,2018-09-15,0,0,0.148308680197223,0.148308680197223
1126,2018,9,16,2018-09-16,0,0,0.148308680197223,0.148308680197223
1127,2018,9,17,2018-09-17,0,0,0.148308680197223,0.148308680197223
1128,2018,9,18,2018-09-18,0,0,0.148308680197223,0.148308680197223
1129,2018,9,19,2018-09-19,0,0,0.148308680197223,0.148308680197223
1130,2018,9,20,2018-09-20,0,0,0.148308680197223,0.148308680197223
1131,2018,9,21,2018-09-21,0,0,0.148308680197223,0.148308680197223
1132,2018,9,22,2018-09-22,0,0,0.148308680197223,0.148308680197223
1133,2018,9,23,2018-09-23,0,0,0.148308680197223,0.148308680197223
1134,2018,9,24,2018-09-24,0,0,0.148308680197223,0.148308680197223
1135,2018,9,25,2018-09-25,0,20,0.148308680197223,0.148308680197223
1136,2018,9,26,2018-09-26,0,5,0.148308680197223,0.148308680197223
1137,2018,9,27,2018-09-27,0,5,0.148308680197223,0.148308680197223
1138,2018,9,28,2018-09-28,0,5,0.148308680197223,0.148308680197223
1139,2018,9,29,2018-09-29,0,5,0.148308680197223,0.148308680197223
1140,2018,9,30,2018-09-30,0,0,0.148308680197223,0.148308680197223
1141,2018,10,1,2018-10-01,0,0,0.905710579041946,-0.374342784610293
1142,2018,10,2,2018-10-02,0,0,0.905710579041946,-0.374342784610293
1143,2018,10,3,2018-10-03,0,0,0.905710579041946,-0.374342784610293
1144,2018,10,4,2018-10-04,0,0,0.905710579041946,-0.374342784610293
1145,2018,10,5,2018-10-05,0,0,0.905710579041946,-0.374342784610293
1146,2018,10,6,2018-10-06,2.5,5,3.5428720031039,3.09151297706633
1147,2018,10,7,2018-10-07,5,10,6.18003342716585,6.55736873874295
1148,2018,10,8,2018-10-08,5,10,6.18003342716585,6.55736873874295
1149,2018,10,9,2018-10-09,10,20,11.4543562752898,13.4890802620962
1150,2018,10,10,2018-10-10,10,20,11.4543562752898,13.4890802620962
1151,2018,10,11,2018-10-11,10,20,11.4543562752898,13.4890802620962
1152,2018,10,12,2018-10-12,10,20,11.4543562752898,13.4890802620962
1153,2018,10,13,2018-10-13,10,20,11.4543562752898,13.4890802620962
1154,2018,10,14,2018-10-14,10,15,11.4543562752898,13.4890802620962
1155,2018,10,15,2018-10-15,10,17.3,11.4543562752898,13.4890802620962
1156,2018,10,16,2018-10-16,10,17.3,11.4543562752898,13.4890802620962
1157,2018,10,17,2018-10-17,10,17.3,11.4543562752898,13.4890802620962
1158,2018,10,18,2018-10-18,10,17.3,11.4543562752898,13.4890802620962
1159,2018,10,19,2018-10-19,10,17.3,11.4543562752898,13.4890802620962
1160,2018,10,20,2018-10-20,10,17.3,11.4543562752898,13.4890802620962
1161,2018,10,21,2018-10-21,10,17.3,11.4543562752898,13.4890802620962
1162,2018,10,22,2018-10-22,10,17.3,11.4543562752898,13.4890802620962
1163,2018,10,23,2018-10-23,10,17.3,11.4543562752898,13.4890802620962
1164,2018,10,24,2018-10-24,10,17.3,11.4543562752898,13.4890802620962
1165,2018,10,25,2018-10-25,10,17.3,11.4543562752898,13.4890802620962
1166,2018,10,26,2018-10-26,10,17.3,11.4543562752898,13.4890802620962
1167,2018,10,27,2018-10-27,10,17.3,11.4543562752898,13.4890802620962
1168,2018,10,28,2018-10-28,10,21.7,11.4543562752898,13.4890802620962
1169,2018,10,29,2018-10-29,10,21.7,11.4543562752898,13.4890802620962
1170,2018,10,30,2018-10-30,10,21.7,11.4543562752898,13.4890802620962
1171,2018,10,31,2018-10-31,25,34.6,27.2773248196615,34.2842148321559
1172,2018,11,1,2018-11-01,25,34.6,13.578002714715,25.5476281792012
1173,2018,11,2,2018-11-02,25,34.6,13.578002714715,25.5476281792012
1174,2018,11,3,2018-11-03,15,34.6,39.225366071645,46.0165287437245
1175,2018,11,4,2018-11-04,15,34.6,39.225366071645,46.0165287437245
1176,2018,11,5,2018-11-05,15,34.6,39.225366071645,46.0165287437245
1177,2018,11,6,2018-11-06,15,30.3,39.225366071645,46.0165287437245
1178,2018,11,7,2018-11-07,15,30.3,39.225366071645,46.0165287437245
1179,2018,11,8,2018-11-08,15,30.3,39.225366071645,46.0165287437245
1180,2018,11,9,2018-11-09,15,30.3,39.225366071645,46.0165287437245
1181,2018,11,10,2018-11-10,15,30.3,39.225366071645,46.0165287437245
1182,2018,11,11,2018-11-11,15,30.3,39.225366071645,46.0165287437245
1183,2018,11,12,2018-11-12,15,30.3,39.225366071645,46.0165287437245
1184,2018,11,13,2018-11-13,15,30.3,39.225366071645,46.0165287437245
1185,2018,11,14,2018-11-14,15,30.3,39.225366071645,46.0165287437245
1186,2018,11,15,2018-11-15,15,30.3,39.225366071645,46.0165287437245
1187,2018,11,16,2018-11-16,15,30.3,39.225366071645,46.0165287437245
1188,2018,11,17,2018-11-17,15,34.6,39.225366071645,46.0165287437245
1189,2018,11,18,2018-11-18,15,35.48,39.225366071645,46.0165287437245
1190,2018,11,19,2018-11-19,15,36.36,39.225366071645,46.0165287437245
1191,2018,11,20,2018-11-20,15,37.24,39.225366071645,46.0165287437245
1192,2018,11,21,2018-11-21,15,38.12,39.225366071645,46.0165287437245
1193,2018,11,22,2018-11-22,15,39,39.225366071645,46.0165287437245
1194,2018,11,23,2018-11-23,15,39,39.225366071645,46.0165287437245
1195,2018,11,24,2018-11-24,15,39,39.225366071645,46.0165287437245
1196,2018,11,25,2018-11-25,16.0714285714286,39.3071428571429,36.4774342834025,43.8234322546684
1197,2018,11,26,2018-11-26,17.1428571428571,39.6142857142857,33.72950249516,41.6303357656124
1198,2018,11,27,2018-11-27,18.2142857142857,39.9214285714286,30.9815707069175,39.4372392765563
1199,2018,11,28,2018-11-28,19.2857142857143,40.2285714285714,28.233638918675,37.2441427875003
1200,2018,11,29,2018-11-29,20.3571428571429,40.5357142857143,25.4857071304325,35.0510462984442
1201,2018,11,30,2018-11-30,21.4285714285714,40.8428571428571,22.73777534219,32.8579498093881
1202,2018,12,1,2018-12-01,22.5,41.15,42.0698924731289,53.8978494623822
1203,2018,12,2,2018-12-02,23.5714285714286,41.4571428571429,42.069892473122,53.8978494623714
1204,2018,12,3,2018-12-03,24.6428571428571,41.7642857142857,42.0698924731152,53.8978494623607
1205,2018,12,4,2018-12-04,25.7142857142857,42.0714285714286,42.0698924731083,53.89784946235
1206,2018,12,5,2018-12-05,26.7857142857143,42.3785714285714,42.0698924731014,53.8978494623393
1207,2018,12,6,2018-12-06,27.8571428571429,42.6857142857143,42.0698924730945,53.8978494623286
1208,2018,12,7,2018-12-07,28.9285714285714,42.9928571428571,42.0698924730877,53.8978494623179
1209,2018,12,8,2018-12-08,30,43.3,42.0698924730808,53.8978494623072
1210,2018,12,9,2018-12-09,28.75,43.3,42.0698924730888,53.8978494623197
1211,2018,12,10,2018-12-10,27.5,43.3,42.0698924730968,53.8978494623322
1212,2018,12,11,2018-12-11,26.25,43.3,42.0698924731049,53.8978494623447
1213,2018,12,12,2018-12-12,25,43.3,42.0698924731129,53.8978494623572
1214,2018,12,13,2018-12-13,23.75,43.3,42.0698924731209,53.8978494623697
1215,2018,12,14,2018-12-14,22.5,43.3,42.0698924731289,53.8978494623822
1216,2018,12,15,2018-12-15,21.25,43.3,42.0698924731369,53.8978494623947
1217,2018,12,16,2018-12-16,20,43.3,42.0698924731449,53.8978494624071
1218,2018,12,17,2018-12-17,20,43.3,42.0698924731449,53.8978494624071
1219,2018,12,18,2018-12-18,20,43.3,42.0698924731449,53.8978494624071
1220,2018,12,19,2018-12-19,20,43.3,42.0698924731449,53.8978494624071
1221,2018,12,20,2018-12-20,20,43.3,42.0698924731449,53.8978494624071
1222,2018,12,21,2018-12-21,20,43.3,42.0698924731449,53.8978494624071
1223,2018,12,22,2018-12-22,20,43.3,42.0698924731449,53.8978494624071
1224,2018,12,23,2018-12-23,20,43.3,42.0698924731449,53.8978494624071
1225,2018,12,24,2018-12-24,20,43.3,42.0698924731449,53.8978494624071
1226,2018,12,25,2018-12-25,20,43.3,42.0698924731449,53.8978494624071
1227,2018,12,26,2018-12-26,20,43.3,42.0698924731449,53.8978494624071
1228,2018,12,27,2018-12-27,20,43.3,42.0698924731449,53.8978494624071
1229,2018,12,28,2018-12-28,20,43.3,42.0698924731449,53.8978494624071
1230,2018,12,29,2018-12-29,20,43.3,42.0698924731449,53.8978494624071
1231,2018,12,30,2018-12-30,20,43.3,42.0698924731449,53.8978494624071
1232,2018,12,31,2018-12-31,20,43.3,42.0698924731449,53.8978494624071
1233,2019,1,1,2019-01-01,20,43.3,52.5615885525888,91.6929897335382
1234,2019,1,2,2019-01-02,20,43.3,52.5615885525888,91.6929897335382
1235,2019,1,3,2019-01-03,20,43.3,52.5615885525888,91.6929897335382
1236,2019,1,4,2019-01-04,20,43.3,52.5615885525888,91.6929897335382
1237,2019,1,5,2019-01-05,20,43.3,52.5615885525888,91.6929897335382
1238,2019,1,6,2019-01-06,20,43.3,52.5615885525888,91.6929897335382
1239,2019,1,7,2019-01-07,20,43.3,52.5615885525888,91.6929897335382
1240,2019,1,8,2019-01-08,20,43.3,52.5615885525888,91.6929897335382
1241,2019,1,9,2019-01-09,20,43.3,52.5615885525888,91.6929897335382
1242,2019,1,10,2019-01-10,20,43.3,52.5615885525888,91.6929897335382
1243,2019,1,11,2019-01-11,20,43.3,52.5615885525888,91.6929897335382
1244,2019,1,12,2019-01-12,20,43.3,52.5615885525888,91.6929897335382
1245,2019,1,13,2019-01-13,20,43.3,52.5615885525888,91.6929897335382
1246,2019,1,14,2019-01-14,20,43.3,52.5615885525888,91.6929897335382
1247,2019,1,15,2019-01-15,20,43.3,52.5615885525888,91.6929897335382
1248,2019,1,16,2019-01-16,20,43.3,52.5615885525888,91.6929897335382
1249,2019,1,17,2019-01-17,20,43.3,52.5615885525888,91.6929897335382
1250,2019,1,18,2019-01-18,20,43.3,52.5615885525888,91.6929897335382
1251,2019,1,19,2019-01-19,20,43.3,52.5615885525888,91.6929897335382
1252,2019,1,20,2019-01-20,20,43.3,52.5615885525888,91.6929897335382
1253,2019,1,21,2019-01-21,20,43.3,52.5615885525888,91.6929897335382
1254,2019,1,22,2019-01-22,20,43.3,52.5615885525888,91.6929897335382
1255,2019,1,23,2019-01-23,20,43.3,52.5615885525888,91.6929897335382
1256,2019,1,24,2019-01-24,20,43.3,52.5615885525888,91.6929897335382
1257,2019,1,25,2019-01-25,20,43.3,52.5615885525888,91.6929897335382
1258,2019,1,26,2019-01-26,20,43.3,52.5615885525888,91.6929897335382
1259,2019,1,27,2019-01-27,20,43.3,52.5615885525888,91.6929897335382
1260,2019,1,28,2019-01-28,20,43.3,52.5615885525888,91.6929897335382
1261,2019,1,29,2019-01-29,25,56.3,44.5325816323174,68.6525560485241
1262,2019,1,30,2019-01-30,25,56.3,44.5325816323174,68.6525560485241
1263,2019,1,31,2019-01-31,25,56.3,44.5325816323174,68.6525560485241
1264,2019,2,1,2019-02-01,25,56.3,34.1310400586488,55.5283093425117
1265,2019,2,2,2019-02-02,25,52,34.1310400586488,55.5283093425117
1266,2019,2,3,2019-02-03,25,52,34.1310400586488,55.5283093425117
1267,2019,2,4,2019-02-04,25,52,34.1310400586488,55.5283093425117
1268,2019,2,5,2019-02-05,25,56.3,34.1310400586488,55.5283093425117
1269,2019,2,6,2019-02-06,25,56.3,34.1310400586488,55.5283093425117
1270,2019,2,7,2019-02-07,25,56.3,34.1310400586488,55.5283093425117
1271,2019,2,8,2019-02-08,25,52,34.1310400586488,55.5283093425117
1272,2019,2,9,2019-02-09,25,52,34.1310400586488,55.5283093425117
1273,2019,2,10,2019-02-10,25,52,34.1310400586488,55.5283093425117
1274,2019,2,11,2019-02-11,25,52,34.1310400586488,55.5283093425117
1275,2019,2,12,2019-02-12,30,52,52.1855087986562,101.066620998749
1276,2019,2,13,2019-02-13,25,52,34.1310400586488,55.5283093425117
1277,2019,2,14,2019-02-14,25,52,34.1310400586488,55.5283093425117
1278,2019,2,15,2019-02-15,25,52,34.1310400586488,55.5283093425117
1279,2019,2,16,2019-02-16,25,52,34.1310400586488,55.5283093425117
1280,2019,2,17,2019-02-17,25,52,34.1310400586488,55.5283093425117
1281,2019,2,18,2019-02-18,25,52,34.1310400586488,55.5283093425117
1282,2019,2,19,2019-02-19,25,52,34.1310400586488,55.5283093425117
1283,2019,2,20,2019-02-20,25,52,34.1310400586488,55.5283093425117
1284,2019,2,21,2019-02-21,25,52,34.1310400586488,55.5283093425117
1285,2019,2,22,2019-02-22,25,52,34.1310400586488,55.5283093425117
1286,2019,2,23,2019-02-23,30,52,52.1855087986562,101.066620998749
1287,2019,2,24,2019-02-24,30,52,52.1855087986562,101.066620998749
1288,2019,2,25,2019-02-25,25,56.3,34.1310400586488,55.5283093425117
1289,2019,2,26,2019-02-26,25,56.3,34.1310400586488,55.5283093425117
1290,2019,2,27,2019-02-27,25,56.3,34.1310400586488,55.5283093425117
1291,2019,2,28,2019-02-28,25,56.3,34.1310400586488,55.5283093425117
1292,2019,3,1,2019-03-01,25,56.3,45.4532209142575,81.0450288043838
1293,2019,3,2,2019-03-02,25,56.3,45.4532209142575,81.0450288043838
1294,2019,3,3,2019-03-03,25,52,45.4532209142575,81.0450288043838
1295,2019,3,4,2019-03-04,25,52,45.4532209142575,81.0450288043838
1296,2019,3,5,2019-03-05,25,52,45.4532209142575,81.0450288043838
1297,2019,3,6,2019-03-06,25,52,45.4532209142575,81.0450288043838
1298,2019,3,7,2019-03-07,25,52,45.4532209142575,81.0450288043838
1299,2019,3,8,2019-03-08,25,52,45.4532209142575,81.0450288043838
1300,2019,3,9,2019-03-09,25,52,45.4532209142575,81.0450288043838
1301,2019,3,10,2019-03-10,25,52,45.4532209142575,81.0450288043838
1302,2019,3,11,2019-03-11,25,56.3,45.4532209142575,81.0450288043838
1303,2019,3,12,2019-03-12,25,56.3,45.4532209142575,81.0450288043838
1304,2019,3,13,2019-03-13,25,56.3,45.4532209142575,81.0450288043838
1305,2019,3,14,2019-03-14,25,56.3,45.4532209142575,81.0450288043838
1306,2019,3,15,2019-03-15,30,56.3,49.4821634026832,97.3323119724532
1307,2019,3,16,2019-03-16,25,56.3,45.4532209142575,81.0450288043838
1308,2019,3,17,2019-03-17,25,56.3,45.4532209142575,81.0450288043838
1309,2019,3,18,2019-03-18,25,56.3,45.4532209142575,81.0450288043838
1310,2019,3,19,2019-03-19,25,56.3,45.4532209142575,81.0450288043838
1311,2019,3,20,2019-03-20,25,56.3,45.4532209142575,81.0450288043838
1312,2019,3,21,2019-03-21,25,56.3,45.4532209142575,81.0450288043838
1313,2019,3,22,2019-03-22,25,56.3,45.4532209142575,81.0450288043838
1314,2019,3,23,2019-03-23,25,56.3,45.4532209142575,81.0450288043838
1315,2019,3,24,2019-03-24,25,56.3,45.4532209142575,81.0450288043838
1316,2019,3,25,2019-03-25,25,56.3,45.4532209142575,81.0450288043838
1317,2019,3,26,2019-03-26,25,56.3,45.4532209142575,81.0450288043838
1318,2019,3,27,2019-03-27,25,56.3,45.4532209142575,81.0450288043838
1319,2019,3,28,2019-03-28,25,56.3,45.4532209142575,81.0450288043838
1320,2019,3,29,2019-03-29,25,56.3,45.4532209142575,81.0450288043838
1321,2019,3,30,2019-03-30,25,56.3,45.4532209142575,81.0450288043838
1322,2019,3,31,2019-03-31,25,56.3,45.4532209142575,81.0450288043838
1323,2019,4,1,2019-04-01,25,56.3,43.9150807102246,80.9635482965675
1324,2019,4,2,2019-04-02,25,56.3,43.9150807102246,80.9635482965675
1325,2019,4,3,2019-04-03,25,56.3,43.9150807102246,80.9635482965675
1326,2019,4,4,2019-04-04,25,56.3,43.9150807102246,80.9635482965675
1327,2019,4,5,2019-04-05,25,52,43.9150807102246,80.9635482965675
1328,2019,4,6,2019-04-06,20,52,39.3813489392745,66.8718936174019
1329,2019,4,7,2019-04-07,20,56.3,39.3813489392745,66.8718936174019
1330,2019,4,8,2019-04-08,25,56.3,43.9150807102246,80.9635482965675
1331,2019,4,9,2019-04-09,25,56.3,43.9150807102246,80.9635482965675
1332,2019,4,10,2019-04-10,25,56.3,43.9150807102246,80.9635482965675
1333,2019,4,11,2019-04-11,25,60.6,43.9150807102246,80.9635482965675
1334,2019,4,12,2019-04-12,30,60.6,48.4488124811748,95.0552029757331
1335,2019,4,13,2019-04-13,30,60.6,48.4488124811748,95.0552029757331
1336,2019,4,14,2019-04-14,25,60.6,43.9150807102246,80.9635482965675
1337,2019,4,15,2019-04-15,30,60.6,48.4488124811748,95.0552029757331
1338,2019,4,16,2019-04-16,30,60.6,48.4488124811748,95.0552029757331
1339,2019,4,17,2019-04-17,30,60.6,48.4488124811748,95.0552029757331
1340,2019,4,18,2019-04-18,30,60.6,48.4488124811748,95.0552029757331
1341,2019,4,19,2019-04-19,35,65,52.9825442521249,109.146857654899
1342,2019,4,20,2019-04-20,35,60.6,52.9825442521249,109.146857654899
1343,2019,4,21,2019-04-21,30,60.6,48.4488124811748,95.0552029757331
1344,2019,4,22,2019-04-22,30,60.6,48.4488124811748,95.0552029757331
1345,2019,4,23,2019-04-23,30,60.6,48.4488124811748,95.0552029757331
1346,2019,4,24,2019-04-24,30,60.6,48.4488124811748,95.0552029757331
1347,2019,4,25,2019-04-25,30,60.6,48.4488124811748,95.0552029757331
1348,2019,4,26,2019-04-26,30,60.6,48.4488124811748,95.0552029757331
1349,2019,4,27,2019-04-27,30,60.6,48.4488124811748,95.0552029757331
1350,2019,4,28,2019-04-28,30,60.6,48.4488124811748,95.0552029757331
1351,2019,4,29,2019-04-29,25,60.6,43.9150807102246,80.9635482965675
1352,2019,4,30,2019-04-30,25,60.6,43.9150807102246,80.9635482965675
1353,2019,5,1,2019-05-01,25,60.6,35.5823217390425,99.5059167164839
1354,2019,5,2,2019-05-02,20,60.6,28.6025737127539,88.6659552587958
1355,2019,5,3,2019-05-03,20,60.6,28.6025737127539,88.6659552587958
1356,2019,5,4,2019-05-04,20,60.6,28.6025737127539,88.6659552587958
1357,2019,5,5,2019-05-05,20,60.6,28.6025737127539,88.6659552587958
1358,2019,5,6,2019-05-06,20,60.6,28.6025737127539,88.6659552587958
1359,2019,5,7,2019-05-07,20,60.6,28.6025737127539,88.6659552587958
1360,2019,5,8,2019-05-08,20,56.3,28.6025737127539,88.6659552587958
1361,2019,5,9,2019-05-09,15,47.6,21.6228256864654,77.8259938011077
1362,2019,5,10,2019-05-10,15,39,21.6228256864654,77.8259938011077
1363,2019,5,11,2019-05-11,15,39,21.6228256864654,77.8259938011077
1364,2019,5,12,2019-05-12,15,34.6,21.6228256864654,77.8259938011077
1365,2019,5,13,2019-05-13,15,34.6,21.6228256864654,77.8259938011077
1366,2019,5,14,2019-05-14,10,34.6,14.6430776601769,66.9860323434196
1367,2019,5,15,2019-05-15,10,30.3,14.6430776601769,66.9860323434196
1368,2019,5,16,2019-05-16,5,30.3,7.66332963388842,56.1460708857315
1369,2019,5,17,2019-05-17,5,26,7.66332963388842,56.1460708857315
1370,2019,5,18,2019-05-18,5,17.3,7.66332963388842,56.1460708857315
1371,2019,5,19,2019-05-19,0,17.3,0.683581607599911,45.3061094280434
1372,2019,5,20,2019-05-20,0,8.7,0.683581607599911,45.3061094280434
1373,2019,5,21,2019-05-21,0,4.3,0.683581607599911,45.3061094280434
1374,2019,5,22,2019-05-22,0,4.3,0.683581607599911,45.3061094280434
1375,2019,5,23,2019-05-23,0,4.3,0.683581607599911,45.3061094280434
1376,2019,5,24,2019-05-24,0,0,0.683581607599911,45.3061094280434
1377,2019,5,25,2019-05-25,0,0,0.683581607599911,45.3061094280434
1378,2019,5,26,2019-05-26,0,0,0.683581607599911,45.3061094280434
1379,2019,5,27,2019-05-27,0,0,0.683581607599911,45.3061094280434
1380,2019,5,28,2019-05-28,0,0,0.683581607599911,45.3061094280434
1381,2019,5,29,2019-05-29,0,0,0.683581607599911,45.3061094280434
1382,2019,5,30,2019-05-30,0,0,0.683581607599911,45.3061094280434
1383,2019,5,31,2019-05-31,0,0,0.683581607599911,45.3061094280434
1384,2019,6,1,2019-06-01,0,0,8.59975056989852e-17,1.1864406779661
1385,2019,6,2,2019-06-02,0,0,8.59975056989852e-17,1.1864406779661
1386,2019,6,3,2019-06-03,0,0,8.59975056989852e-17,1.1864406779661
1387,2019,6,4,2019-06-04,0,0,8.59975056989852e-17,1.1864406779661
1388,2019,6,5,2019-06-05,0,0,8.59975056989852e-17,1.1864406779661
1389,2019,6,6,2019-06-06,0,0,8.59975056989852e-17,1.1864406779661
1390,2019,6,7,2019-06-07,0,0,8.59975056989852e-17,1.1864406779661
1391,2019,6,8,2019-06-08,0,0,8.59975056989852e-17,1.1864406779661
1392,2019,6,9,2019-06-09,0,0,8.59975056989852e-17,1.1864406779661
1393,2019,6,10,2019-06-10,0,0,8.59975056989852e-17,1.1864406779661
1394,2019,6,11,2019-06-11,0,0,8.59975056989852e-17,1.1864406779661
1395,2019,6,12,2019-06-12,0,0,8.59975056989852e-17,1.1864406779661
1396,2019,6,13,2019-06-13,0,0,8.59975056989852e-17,1.1864406779661
1397,2019,6,14,2019-06-14,0,0,8.59975056989852e-17,1.1864406779661
1398,2019,6,15,2019-06-15,0,0,8.59975056989852e-17,1.1864406779661
1399,2019,6,16,2019-06-16,0,0,8.59975056989852e-17,1.1864406779661
1400,2019,6,17,2019-06-17,0,0,8.59975056989852e-17,1.1864406779661
1401,2019,6,18,2019-06-18,0,0,8.59975056989852e-17,1.1864406779661
1402,2019,6,19,2019-06-19,0,0,8.59975056989852e-17,1.1864406779661
1403,2019,6,20,2019-06-20,0,0,8.59975056989852e-17,1.1864406779661
1404,2019,6,21,2019-06-21,0,0,8.59975056989852e-17,1.1864406779661
1405,2019,6,22,2019-06-22,0,0,8.59975056989852e-17,1.1864406779661
1406,2019,6,23,2019-06-23,0,0,8.59975056989852e-17,1.1864406779661
1407,2019,6,24,2019-06-24,0,0,8.59975056989852e-17,1.1864406779661
1408,2019,6,25,2019-06-25,0,0,8.59975056989852e-17,1.1864406779661
1409,2019,6,26,2019-06-26,0,0,8.59975056989852e-17,1.1864406779661
1410,2019,6,27,2019-06-27,0,0,8.59975056989852e-17,1.1864406779661
1411,2019,6,28,2019-06-28,0,0,8.59975056989852e-17,1.1864406779661
1412,2019,6,29,2019-06-29,0,0,8.59975056989852e-17,1.1864406779661
1413,2019,6,30,2019-06-30,0,0,8.59975056989852e-17,1.1864406779661
1414,2019,7,1,2019-07-01,0,0,0,0
1415,2019,7,2,2019-07-02,0,0,0,0
1416,2019,7,3,2019-07-03,0,0,0,0
1417,2019,7,4,2019-07-04,0,0,0,0
1418,2019,7,5,2019-07-05,0,0,0,0
1419,2019,7,6,2019-07-06,0,0,0,0
1420,2019,7,7,2019-07-07,0,0,0,0
1421,2019,7,8,2019-07-08,0,0,0,0
1422,2019,7,9,2019-07-09,0,0,0,0
1423,2019,7,10,2019-07-10,0,0,0,0
1424,2019,7,11,2019-07-11,0,0,0,0
1425,2019,7,12,2019-07-12,0,0,0,0
1426,2019,7,13,2019-07-13,0,0,0,0
1427,2019,7,14,2019-07-14,0,0,0,0
1428,2019,7,15,2019-07-15,0,0,0,0
1429,2019,7,16,2019-07-16,0,0,0,0
1430,2019,7,17,2019-07-17,0,0,0,0
1431,2019,7,18,2019-07-18,0,0,0,0
1432,2019,7,19,2019-07-19,0,0,0,0
1433,2019,7,20,2019-07-20,0,0,0,0
1434,2019,7,21,2019-07-21,0,0,0,0
1435,2019,7,22,2019-07-22,0,0,0,0
1436,2019,7,23,2019-07-23,0,0,0,0
1437,2019,7,24,2019-07-24,0,0,0,0
1438,2019,7,25,2019-07-25,0,0,0,0
1439,2019,7,26,2019-07-26,0,0,0,0
1440,2019,7,27,2019-07-27,0,0,0,0
1441,2019,7,28,2019-07-28,0,0,0,0
1442,2019,7,29,2019-07-29,0,0,0,0
1443,2019,7,30,2019-07-30,0,0,0,0
1444,2019,7,31,2019-07-31,0,0,0,0
1445,2019,8,1,2019-08-01,0,0,0,0
1446,2019,8,2,2019-08-02,0,0,0,0
1447,2019,8,3,2019-08-03,0,0,0,0
1448,2019,8,4,2019-08-04,0,0,0,0
1449,2019,8,5,2019-08-05,0,0,0,0
1450,2019,8,6,2019-08-06,0,0,0,0
1451,2019,8,7,2019-08-07,0,0,0,0
1452,2019,8,8,2019-08-08,0,0,0,0
1453,2019,8,9,2019-08-09,0,0,0,0
1454,2019,8,10,2019-08-10,0,0,0,0
1455,2019,8,11,2019-08-11,0,0,0,0
1456,2019,8,12,2019-08-12,0,0,0,0
1457,2019,8,13,2019-08-13,0,0,0,0
1458,2019,8,14,2019-08-14,0,0,0,0
1459,2019,8,15,2019-08-15,0,0,0,0
1460,2019,8,16,2019-08-16,0,0,0,0
1461,2019,8,17,2019-08-17,5,5,0,0
