Year,Month,jd,wsu.air,tun.air,tun.0,tun.5
2014,1,1,-33.7400,-30.4198,-22.08633374,
2014,1,2,-34.6200,-31.0549,-22.46407168,
2014,1,3,-25.8900,-24.7548,-18.71673965,
2014,1,4,-24.0800,-23.4486,-17.93980139,
2014,1,5,-21.5500,-21.6228,-16.85380483,
2014,1,6,-21.2300,-21.3918,-16.71644558,
2014,1,7,-27.7000,-26.0610,-19.49367791,
2014,1,8,-26.6000,-25.2672,-19.02150549,
2014,1,9,-16.5200,-17.9928,-14.69468912,
2014,1,10,-25.4800,-24.4589,-18.54074811,
2014,1,11,-24.6900,-23.8888,-18.20164246,
2014,1,12,-22.1800,-22.0774,-17.12423085,
2014,1,13,-26.0200,-24.8486,-18.77254185,
2014,1,14,-27.1400,-25.6569,-19.25329922,
2014,1,15,-30.3300,-27.9590,-20.62259924,
2014,1,16,-25.2200,-24.2713,-18.42914372,
2014,1,17,-25.3400,-24.3579,-18.48065344,
2014,1,18,-26.7000,-25.3393,-19.06443025,
2014,1,19,-33.5900,-30.3116,-22.0219466,
2014,1,20,-30.1300,-27.8146,-20.53674971,
2014,1,21,-31.2800,-28.6445,-21.03038451,
2014,1,22,-26.1400,-24.9352,-18.82405156,
2014,1,23,-18.8900,-19.7032,-15.71200606,
2014,1,24,-23.4300,-22.9795,-17.66079042,
2014,1,25,-27.4500,-25.8806,-19.38636599,
2014,1,26,-26.4400,-25.1517,-18.95282586,
2014,1,27,-27.6000,-25.9888,-19.45075314,
2014,1,28,-25.2100,-24.2641,-18.42485124,
2014,1,29,-22.5200,-22.3228,-17.27017505,
2014,1,30,-20.6300,-20.9589,-16.45889698,
2014,1,31,-19.9200,-20.4465,-16.15413115,
2015,1,1,-26.8700,-26.5100,-22.16,-25.29
2015,1,2,-30.0000,-28.6200,-25.57,-29.2
2015,1,3,-34.4800,-32.1700,-27.3,-30.31
2015,1,4,-33.7700,-32.7900,-25.29,-26.83
2015,1,5,-28.5600,-27.9800,-25.63,-28.09
2015,1,6,-30.2400,-29.6900,-19.91,-19.02
2015,1,7,-17.5500,-17.5600,-18.94,-20.38
2015,1,8,-22.0000,-22.2300,-19.75,-21.31
2015,1,9,-22.9700,-23.1900,-21.01,-22.8
2015,1,10,-24.6700,-24.4900,-21.56,-23.75
2015,1,11,-26.9300,-25.3900,-21.46,-22.4
2015,1,12,-22.3000,-22.1200,-19.76,-20.37
2015,1,13,-21.8400,-21.3900,-22.51,-24.74
2015,1,14,-27.8200,-27.1200,-23.91,-25.83
2015,1,15,-29.3400,-27.7100,-25.75,-27.53
2015,1,16,-30.5900,-29.9900,-21.1,-21.44
2015,1,17,-22.1100,-22.4100,-21.08,-22.89
2015,1,18,-30.3500,-29.4500,-19.48,-19.67
2015,1,19,-20.9000,-21.6600,-19.63,-19.5
2015,1,20,-26.7700,-27.2800,-19.41,-19.52
2015,1,21,-26.8800,-26.5200,-18.09,-18.32
2015,1,22,-18.1700,-18.5700,-15.93,-16.24
2015,1,23,-17.8400,-18.1100,-19.13,-20.91
2015,1,24,-27.2000,-27.0700,-21.68,-22.92
2015,1,25,-27.8000,-27.9100,-21.01,-21.59
2015,1,26,-22.4400,-23.2700,-17.21,-17.59
2015,1,27,-16.8300,-17.1500,-20.49,-22.35
2015,1,28,-27.4900,-26.4500,-22.82,-24.64
2015,1,29,-27.3900,-27.0600,-22.72,-24.47
2015,1,30,-27.7100,-27.7200,-24.31,-26.62
2015,1,31,-29.5800,-29.3300,-25.49,-27.88
2016,1,1,-15.2900,-13.6600,-11.14,-11.14
2016,1,2,-21.6200,-14.1800,-12.67,-12.73
2016,1,3,-24.4700,-20.2000,-14,-14.35
2016,1,4,-10.8000,-22.9500,-11.95,-11.97
2016,1,5,-13.0400,-11.0400,-10.73,-11.09
2016,1,6,-20.5300,-13.0200,-12.37,-12.54
2016,1,7,-25.7600,-19.1900,-14.84,-14.96
2016,1,8,-22.4000,-24.6000,-14.24,-14.27
2016,1,9,-27.8400,-21.6600,-15.96,-16.6
2016,1,10,-24.4600,-27.4400,-16,-16.49
2016,1,11,-24.0400,-23.3900,-15.45,-16.21
2016,1,12,-21.0100,-23.3100,-15.98,-16.27
2016,1,13,-21.1100,-21.0500,-15.88,-16.24
2016,1,14,-20.9200,-20.6000,-15.11,-15.59
2016,1,15,-20.7300,-21.3000,-15.23,-15.41
2016,1,16,-17.8600,-20.2100,-13.85,-14.29
2016,1,17,-17.8200,-17.2000,-12.35,-13.16
2016,1,18,-24.3500,-17.7300,-13.22,-15.55
2016,1,19,-23.8100,-24.8000,-14.16,-16.92
2016,1,20,-21.5800,-23.9500,-14.31,-15.72
2016,1,21,-22.1700,-21.1400,-15.5,-15.59
2016,1,22,-13.2900,-21.3500,-13.09,-13.05
2016,1,23,-16.9800,-13.7400,-11.87,-12.78
2016,1,24,-15.6000,-17.9200,-11.9,-13.3
2016,1,25,-20.9200,-16.1200,-11.4,-13.25
2016,1,26,-28.2500,-21.3100,-13.27,-17
2016,1,27,-31.6800,-28.5600,-14.61,-18.4
2016,1,28,-29.2200,-32.5600,-15.6,-18.97
2016,1,29,-15.3300,-29.5500,-14.27,-14.94
2016,1,30,-16.4800,-15.9000,-12.34,-12.88
2016,1,31,-25.3800,-17.2500,-12.22,-13.97
2016,1,366,-28.3400,-26.5229,-19.76839641,
2017,1,1,-27.4200,-25.8589,-19.37348856,
2017,1,2,-23.5000,-23.0300,-17.69083775,
2017,1,3,-24.8200,-23.9826,-18.25744466,
2017,1,4,-21.3800,-21.5001,-16.78083273,
2017,1,5,-23.1700,-22.7919,-17.54918603,
2017,1,6,-26.2000,-24.9785,-18.84980642,
2017,1,7,-28.3000,-26.4940,-19.7512265,
2017,1,8,-30.0800,-27.7786,-20.51528733,
2017,1,9,-28.8800,-26.9126,-20.00019014,
2017,1,10,-30.8300,-28.3198,-20.83722307,
2017,1,11,-25.9500,-24.7981,-18.74249451,
2017,1,12,-27.7500,-26.0971,-19.51514029,
2017,1,13,-30.0400,-27.7497,-20.49811742,
2017,1,14,-29.6500,-27.4682,-20.33071083,
2017,1,15,-19.4900,-20.1362,-15.96955466,
2017,1,16,-19.7500,-20.3238,-16.08115905,
2017,1,17,-3.1310,-8.3305,-8.947492265,
2017,1,18,-12.0200,-14.7453,-12.76307467,
2017,1,19,-6.5940,-10.8296,-10.4339769,
2017,1,20,-7.2000,-11.2669,-10.69410097,
2017,1,21,-7.6600,-11.5989,-10.8915549,
2017,1,22,-5.5210,-10.0553,-9.973394161,
2017,1,23,-6.9200,-11.0649,-10.57391163,
2017,1,24,-10.6100,-13.7278,-12.15783548,
2017,1,25,-14.0800,-16.2320,-13.64732484,
2017,1,26,-17.5900,-18.7650,-15.15398411,
2017,1,27,-16.3900,-17.8990,-14.63888693,
2017,1,28,-20.6700,-20.9877,-16.47606689,
2017,1,29,-27.6100,-25.9960,-19.45504562,
2017,1,30,-28.1700,-26.4002,-19.6954243,
2014,2,32,-20.0600,-21.5652,-19.06813341,
2014,2,33,-22.2700,-23.3594,-19.57450755,
2014,2,34,-20.5300,-21.9467,-19.17582384,
2014,2,35,-19.5100,-21.1187,-18.94211269,
2014,2,36,-13.9100,-16.5723,-17.6589927,
2014,2,37,-18.3900,-20.2094,-18.68548869,
2014,2,38,-22.4800,-23.5298,-19.62262455,
2014,2,39,-22.4000,-23.4649,-19.60429426,
2014,2,40,-19.3500,-20.9888,-18.90545212,
2014,2,41,-23.4000,-24.2767,-19.83342284,
2014,2,42,-24.4600,-25.1373,-20.07629912,
2014,2,43,-28.3500,-28.2954,-20.96760926,
2014,2,44,-28.7800,-28.6445,-21.06613455,
2014,2,45,-27.4300,-27.5485,-20.75681098,
2014,2,46,-28.9400,-28.7743,-21.10279512,
2014,2,47,-16.8000,-18.9186,-18.32117427,
2014,2,48,-17.2100,-19.2514,-16.78,-16.93
2014,2,49,-20.1800,-20.2000,-17.93,-18.68
2014,2,50,-22.1300,-22.4000,-18.38,-18.86
2014,2,51,-22.2000,-22.9500,-16.56,-16.59
2014,2,52,-16.9300,-17.7400,-15.37,-15.78
2014,2,53,-16.4400,-17.3600,-17.8,-20.54
2014,2,54,-24.2600,-25.1000,-19.71,-23.08
2014,2,55,-26.7500,-27.5800,-20.72,-23.24
2014,2,56,-26.1200,-26.7200,-22.12,-26.58
2014,2,57,-31.6900,-32.6700,-22.94,-26.64
2014,2,58,-31.0500,-31.8800,-23.6,-27.35
2014,2,59,-30.0600,-30.1600,-21.97,-23.68
2015,2,32,-29.9400,-29.7600,-25.91,-28.01
2015,2,33,-30.8100,-29.6000,-27.48,-30.02
2015,2,34,-32.4000,-31.8800,-27.32,-29.45
2015,2,35,-30.9900,-30.5000,-26.35,-27.82
2015,2,36,-28.1800,-28.2700,-27.13,-29.66
2015,2,37,-32.0700,-31.4500,-29.25,-32.02
2015,2,38,-35.2000,-34.3500,-26.33,-26.88
2015,2,39,-27.5400,-27.7600,-25.05,-26.61
2015,2,40,-28.4700,-28.0200,-26.7,-28.69
2015,2,41,-31.0700,-30.3300,-26.95,-29.08
2015,2,42,-31.1400,-30.5400,-25.59,-26.36
2015,2,43,-26.8200,-27.1800,-23.74,-25.2
2015,2,44,-26.4300,-26.6500,-27.03,-29.62
2015,2,45,-31.5900,-31.7400,-22.62,-22.36
2015,2,46,-20.7800,-21.2500,-21.79,-23.12
2015,2,47,-24.9800,-24.8300,-23.38,-25.5
2015,2,48,-27.7000,-27.9700,-25.61,-27.99
2015,2,49,-29.7600,-29.8000,-25.27,-26.51
2015,2,50,-26.7400,-27.0000,-25.04,-27.25
2015,2,51,-29.3700,-29.4000,-26.2,-28.29
2015,2,52,-30.2100,-29.7000,-26.01,-27.23
2015,2,53,-27.2200,-27.3800,-19.43,-19.45
2015,2,54,-17.1500,-17.9100,-21.48,-23.31
2015,2,55,-24.4800,-25.0800,-23.04,-24.42
2015,2,56,-25.0100,-25.1400,-20.3,-20.59
2015,2,57,-17.6900,-18.7800,-18.27,-18.86
2015,2,58,-17.1300,-18.1000,-17.08,-17.47
2015,2,59,-15.6200,-16.4000,-20.68,-23.08
2016,2,32,-29.4800,-25.7300,-12.83,-16.45
2016,2,33,-29.9700,-29.8600,-13.13,-16.31
2016,2,34,-29.8900,-30.6800,-13.34,-16.67
2016,2,35,-27.7400,-31.0100,-13.34,-16.12
2016,2,36,-35.2800,-28.1700,-13.72,-17.58
2016,2,37,-34.5900,-36.4100,-14.51,-18.73
2016,2,38,-23.8400,-35.6700,-14.53,-17.5
2016,2,39,-24.0300,-24.8300,-13.71,-15.89
2016,2,40,-30.7200,-24.4500,-14.01,-17.08
2016,2,41,-30.4600,-31.1100,-14.91,-18.79
2016,2,42,-30.6300,-29.9900,-19.51,-21.75
2016,2,43,-27.9300,-31.1600,-21.2,-21.43
2016,2,44,-22.6400,-28.3900,-19.65,-19.58
2016,2,45,-14.1500,-23.1000,-15.82,-15.57
2016,2,46,-18.9900,-14.8900,-15,-15.44
2016,2,47,-29.1600,-19.7000,-19.23,-20.5
2016,2,47,-29.1600,-29.5000,-18.99,-19.03
2016,2,48,-22.5000,-23.9700,-16.84,-17.15
2016,2,49,-22.1300,-24.2300,-15.5,-15.54
2016,2,50,-15.3200,-16.2400,-17.7,-18.51
2016,2,51,-25.2700,-25.9200,-19.7,-20.23
2016,2,52,-26.7300,-26.9200,-20.73,-21.09
2016,2,53,-28.2400,-28.8900,-21.3,-21.48
2016,2,54,-28.3800,-29.1500,-20.43,-20.35
2016,2,55,-24.2000,-24.9500,-19.32,-19.16
2016,2,56,-20.1200,-21.5100,-16.25,-15.98
2016,2,57,-16.3200,-17.2900,-19.47,-19.94
2016,2,58,-28.6400,-29.4900,-21.52,-22.14
2016,2,59,-30.3800,-30.3200,-19.52,-19.55
2017,2,31,-28.5900,-28.4902,-21.02260012,
2017,2,32,-26.1700,-26.5255,-20.46810898,
2017,2,33,-21.9900,-23.1320,-19.51035155,
2017,2,34,-16.6100,-18.7643,-18.27763984,
2017,2,35,-23.5800,-24.4229,-19.87466598,
2017,2,36,-24.8400,-25.4458,-20.16336798,
2017,2,37,-29.5100,-29.2371,-21.2333984,
2017,2,38,-29.0400,-28.8555,-21.12570798,
2017,2,39,-27.4100,-27.5322,-20.75222841,
2017,2,40,-30.0900,-29.7080,-21.36629298,
2017,2,41,-26.4100,-26.7204,-20.52309983,
2017,2,42,-26.7600,-27.0045,-20.60329483,
2017,2,43,-17.7300,-19.6736,-18.53426384,
2017,2,44,-12.5900,-15.5007,-17.35654298,
2017,2,45,-22.4500,-23.5055,-19.61575069,
2017,2,46,-20.8200,-22.1822,-19.24227112,
2017,2,47,-10.6400,-13.9176,-16.90974227,
2017,2,48,-7.6300,-11.4740,-16.22006527,
2017,2,49,-10.9300,-14.1530,-16.97618956,
2017,2,50,-14.6700,-17.1893,-17.83313041,
2017,2,51,-10.2400,-13.5929,-16.81809084,
2017,2,52,-11.1100,-14.2992,-17.0174327,
2017,2,53,-17.9700,-19.8684,-18.5892547,
2017,2,54,-21.6900,-22.8885,-19.44161298,
2017,2,55,-21.1800,-22.4744,-19.32475741,
2017,2,56,-21.2600,-22.5394,-19.34308769,
2017,2,57,-27.4900,-27.5972,-20.77055869,
2017,2,58,-29.9300,-29.5781,-21.3296324,
2014,3,60,-26.1800,-26.6500,-21.61,-23.59
2014,3,61,-25.7200,-26.4700,-21.36,-23.4
2014,3,62,-25.4500,-26.2900,-20.12,-20.94
2014,3,63,-21.3200,-22.3800,-19.41,-20.49
2014,3,64,-19.1700,-20.2200,-18.54,-19.57
2014,3,65,-19.8900,-20.3500,-19.23,-21.37
2014,3,66,-22.5700,-23.2000,-19.27,-21.12
2014,3,67,-21.7400,-22.4800,-19.41,-20.44
2014,3,68,-20.3000,-21.1200,-17.3,-17.98
2014,3,69,-19.0100,-20.6100,-20.39,-23.33
2014,3,70,-26.9700,-28.2700,-20.73,-23.35
2014,3,71,-23.7700,-25.9500,-20.97,-23.52
2014,3,72,-23.1000,-25.2400,-21.04,-23.55
2014,3,73,-24.9600,-25.3900,-21.09,-23.99
2014,3,74,-25.2700,-26.3900,-20.4,-21.38
2014,3,75,-20.8900,-22.2900,-18.66,-18.86
2014,3,76,-18.4900,-20.5800,-18.07,-18.12
2014,3,77,-17.2700,-18.9600,-14.89,-13.28
2014,3,78,-11.1900,-12.7700,-15.62,-16.56
2014,3,79,-19.8300,-20.8500,-17.22,-18.23
2014,3,80,-21.6400,-22.9400,-17.82,-18.5
2014,3,81,-20.2800,-20.9200,-16.07,-15.96
2014,3,82,-15.9000,-17.2587,-17.6,-18.59
2014,3,83,-21.5200,-22.6013,-17.5,-18.2
2014,3,84,-19.5800,-20.7571,-17.6,-19.8
2014,3,85,-21.5200,-22.6013,-18.59,-20.86
2014,3,86,-22.3400,-23.3808,-18.42,-19.72
2014,3,87,-19.8800,-21.0423,-14.88,-13.06
2014,3,88,-10.6500,-12.2679,-15.24,-16.09
2014,3,89,-18.6700,-19.8920,-15.47,-15.69
2014,3,90,-14.6600,-17.1100,-13.46,-12.36
2015,3,60,-25.3400,-25.6500,-21.79,-22.99
2015,3,61,-22.8500,-24.0100,-19.94,-20.53
2015,3,62,-21.6800,-22.3400,-23.11,-24.74
2015,3,63,-27.7700,-27.9500,-23.02,-24.06
2015,3,64,-23.9000,-24.5800,-21.73,-23.34
2015,3,65,-22.1500,-23.6600,-21.87,-23.05
2015,3,66,-23.0200,-23.7000,-22.3,-23.95
2015,3,67,-24.7500,-24.9500,-21.28,-21.21
2015,3,68,-19.7400,-20.7000,-17.48,-17.65
2015,3,69,-17.3700,-18.5200,-20.64,-22.53
2015,3,70,-22.7500,-24.0800,-21.63,-22.97
2015,3,71,-22.5200,-23.8000,-17.29,-16.86
2015,3,72,-14.4900,-15.8400,-13.75,-12.1
2015,3,73,-7.0400,-8.2600,-5.722,-4.511
2015,3,74,-2.2240,-3.0190,-13.58,-16.09
2015,3,75,-18.8900,-19.9200,-16.29,-17.66
2015,3,76,-18.3400,-19.3200,-17.13,-18.25
2015,3,77,-19.1100,-20.0700,-19.13,-20.65
2015,3,78,-22.6100,-23.1500,-19.26,-20.07
2015,3,79,-21.7100,-21.2600,-17.03,-17.22
2015,3,80,-17.5600,-18.2000,-17.02,-17.79
2015,3,81,-17.5800,-18.6300,-17.59,-18.22
2015,3,82,-17.5200,-19.5100,-17.17,-17.86
2015,3,83,-17.0700,-18.6800,-17.78,-18.51
2015,3,84,-18.4900,-19.2500,-15.8,-16.17
2015,3,85,-13.5100,-15.5000,-13.43,-12.88
2015,3,86,-7.2300,-9.8600,-5.874,-4.07
2015,3,87,0.6180,-1.4920,-8.81,-9.95
2015,3,88,-12.3200,-13.6200,-12.1,-13
2015,3,89,-16.3700,-17.0500,-12.95,-12.79
2015,3,90,-14.6700,-15.5500,-10.67,-11.14
2016,3,60,-21.8500,-22.6400,-18.24,-18.04
2016,3,61,-20.4800,-21.3700,-18.44,-18.43
2016,3,62,-21.8800,-22.4100,-17.64,-17.56
2016,3,63,-22.2100,-23.2000,-19.86,-19.98
2016,3,64,-27.1800,-28.1000,-19.17,-18.89
2016,3,65,-21.5900,-22.6400,-17.05,-16.66
2016,3,66,-21.2500,-22.7200,-19.76,-18.48
2016,3,67,-25.0500,-26.9200,-18.78,-17.83
2016,3,68,-21.6200,-23.0400,-17.36,-16.57
2016,3,69,-18.3400,-19.4500,-15.8,-15.28
2016,3,70,-15.0800,-17.7900,-13.93,-13.34
2016,3,71,-11.4400,-12.7100,-12.83,-12.49
2016,3,72,-11.3600,-12.4700,-11.13,-10.35
2016,3,73,-5.2730,-7.0600,-9.87,-9.47
2016,3,74,-10.3800,-11.3000,-12.73,-13.25
2016,3,75,-17.9800,-19.3700,-13.01,-13.09
2016,3,76,-12.7700,-15.2600,-12.32,-12.21
2016,3,77,-13.4700,-15.1900,-12.81,-12.85
2016,3,78,-13.5200,-15.2500,-11.98,-11.68
2016,3,79,-12.1100,-13.8600,-13.57,-13.74
2016,3,80,-20.7000,-22.1300,-15.04,-15.18
2016,3,81,-21.9700,-22.8100,-15.9,-16.31
2016,3,82,-23.3500,-24.3100,-16.82,-17.38
2016,3,83,-24.5600,-25.8600,-17.26,-17.4
2016,3,84,-23.3600,-23.6000,-17.37,-17.43
2016,3,85,-21.7400,-23.7000,-16.33,-15.81
2016,3,86,-14.3400,-17.8600,-14.75,-14.22
2016,3,87,-13.9000,-14.7900,-12.83,-11.47
2016,3,88,-4.2550,-6.3870,-9.39,-8.22
2016,3,89,-3.1960,-4.7690,-9.86,-9.36
2016,3,90,-9.9000,-12.1300,-11.65,-12
2017,3,59,-30.9700,-31.5848,-23.33883071,
2017,3,60,-28.7100,-29.4364,-22.14347105,
2017,3,61,-30.3100,-30.9574,-22.98974337,
2017,3,62,-27.8600,-28.6283,-21.69388888,
2017,3,63,-13.4500,-14.9297,-14.0721488,
2017,3,64,-21.6200,-22.6964,-18.39342684,
2017,3,65,-18.4100,-19.6448,-16.69559299,
2017,3,66,-13.8600,-15.3194,-14.28900608,
2017,3,67,-24.8800,-25.7954,-20.11770669,
2017,3,68,-28.4500,-29.1892,-22.0059518,
2017,3,69,-27.4500,-28.2386,-21.4770316,
2017,3,70,-27.6400,-28.4192,-21.57752644,
2017,3,71,-23.4500,-24.4360,-19.3613508,
2017,3,72,-19.8900,-21.0518,-17.47839489,
2017,3,73,-13.3500,-14.8346,-14.01925678,
2017,3,74,-7.5300,-9.3019,-10.94094122,
2017,3,75,-5.8440,-7.6992,-10.04918176,
2017,3,76,-17.7400,-19.0079,-16.34121646,
2017,3,77,-14.0800,-15.5286,-14.40536853,
2017,3,78,-6.8340,-8.6403,-10.57281276,
2017,3,79,-23.4400,-24.4265,-19.3560616,
2017,3,80,-20.4100,-21.5461,-17.75343339,
2017,3,81,-12.7400,-14.2547,-13.69661546,
2017,3,82,-13.7100,-15.1768,-14.20966805,
2017,3,83,-20.5000,-21.6317,-17.80103621,
2017,3,84,-13.3400,-14.8251,-14.01396758,
2017,3,85,-8.5000,-10.2240,-11.45399381,
2017,3,86,-11.7600,-13.3231,-13.17827366,
2017,3,87,-12.2600,-13.7984,-13.44273376,
2017,3,88,-8.0700,-9.8153,-11.22655813,
2017,3,89,-8.4400,-10.1670,-11.4222586,
2014,4,91,-9.9800,-12.0482,-13.82,-14.72
2014,4,92,-16.5500,-18.4561,-15.63,-17.29
2014,4,93,-18.0300,-19.8996,-15.63,-15.99
2014,4,94,-15.9200,-17.8417,-11.97,-9.8
2014,4,95,-7.7500,-9.8733,-12.3,-12.6
2014,4,96,-14.7800,-16.7298,-14.23,-14.74
2014,4,97,-18.3200,-20.1825,-13.99,-14.65
2014,4,98,-15.5500,-17.4808,-12.66,-12.15
2014,4,99,-11.3800,-13.4137,-12.61,-12.93
2014,4,100,-15.5800,-17.5101,-14.24,-14.96
2014,4,101,-17.8000,-19.6753,-14.03,-14.7
2014,4,102,-15.6700,-17.5978,-14.46,-15.37
2014,4,103,-18.4800,-20.3385,-14.68,-15.37
2014,4,104,-17.8600,-19.7338,-13.82,-13.95
2014,4,105,-15.6300,-17.5588,-12.49,-11.53
2014,4,106,-10.7600,-12.8090,-10.02,-8.41
2014,4,107,-4.4280,-6.6332,-9.35,-7.63
2014,4,108,-7.1400,-9.2783,-8.06,-5.565
2014,4,109,-3.9810,-6.9140,-6.892,-3.513
2014,4,110,-4.8790,-7.0731,-6.112,-1.384
2014,4,111,-3.8740,-6.0929,-4.084,-0.503
2014,4,112,-1.9590,-4.2251,-2.747,-2.38
2014,4,113,-3.0170,-5.2570,-3.55,-1.975
2014,4,114,-5.4710,-7.6505,-3.638,-1.009
2014,4,115,-7.1900,-9.3271,-4.068,-3.658
2014,4,116,-8.3900,-10.4975,-3.939,-3.695
2014,4,117,-5.4950,-7.6739,-2.838,-0.676
2014,4,118,-1.5040,-3.7814,-1.584,2.662
2014,4,119,2.0110,-0.4990,-0.344,3.282
2014,4,120,0.4130,-1.9117,0.455,4.949
2015,4,91,-16.6900,-18.8600,-14.81,-17.21
2015,4,92,-23.1300,-24.8300,-18.22,-20.09
2015,4,93,-22.7400,-23.9200,-18.61,-20.02
2015,4,94,-21.5100,-23.1000,-18.66,-19.79
2015,4,95,-21.1000,-22.5800,-17.8,-18.57
2015,4,96,-19.2400,-20.7500,-14.97,-14.32
2015,4,97,-11.8700,-13.8100,-7.13,-5.726
2015,4,98,-1.5970,-3.6410,-6.074,-5.719
2015,4,99,-6.0990,-7.6900,-3.875,-1.554
2015,4,100,1.4090,-1.1950,-1.634,-1.4
2015,4,101,-2.4100,-4.2130,-1.241,2.463
2015,4,102,4.8200,1.9980,-2.402,-5.062
2015,4,103,-5.9840,-6.8580,-5.291,-5.528
2015,4,104,-9.3500,-11.2300,-4.097,-3.161
2015,4,105,-4.3210,-5.8040,-2.748,-0.635
2015,4,106,-0.7200,-2.4080,-0.853,-0.573
2015,4,107,-0.5610,-3.1820,-2.685,-3.118
2015,4,108,-5.5130,-6.8570,-2.828,-2.902
2015,4,109,-4.5440,-7.4300,-2.761,-2.115
2015,4,110,-4.4850,-6.9190,-3.355,-5.458
2015,4,111,-7.2700,-8.6000,-5.152,-7.1
2015,4,112,-9.1400,-10.7700,-7.2,-9.02
2015,4,113,-11.0600,-12.5900,-6.074,-5.997
2015,4,114,-6.1840,-9.2500,-4.073,-2.192
2015,4,115,-3.9610,-5.5050,-2.63,-1.494
2015,4,116,-2.5400,-5.2210,-1.064,-0.545
2015,4,117,-0.9510,-2.8920,-0.432,0.032
2015,4,118,-1.7740,-3.5450,-0.646,0.693
2015,4,119,-1.6950,-3.7780,-0.708,2.056
2015,4,120,1.9630,0.1690,0.663,7.11
2016,4,91,-16.9800,-18.8400,-14.46,-15.15
2016,4,92,-20.7500,-22.1100,-15.4,-15.87
2016,4,93,-21.2800,-23.1000,-16.5,-17.34
2016,4,94,-22.5900,-24.4900,-16.26,-16.75
2016,4,95,-18.4000,-21.0500,-15.28,-15.32
2016,4,96,-19.1200,-21.5400,-16.17,-16.33
2016,4,97,-19.3500,-22.2900,-16.33,-16.63
2016,4,98,-21.1400,-22.2100,-16.17,-16.31
2016,4,99,-19.3400,-21.0400,-15.64,-15.46
2016,4,100,-16.9100,-19.1100,-13.93,-13.31
2016,4,101,-15.0700,-16.4200,-15.1,-15.35
2016,4,102,-18.6000,-20.6600,-15.01,-14.47
2016,4,103,-13.1200,-17.4900,-13.12,-12.29
2016,4,104,-10.5900,-14.1300,-12.75,-12.47
2016,4,105,-11.2800,-13.4700,-10.31,-9.48
2016,4,106,-6.9760,-8.9600,-10.63,-11.1
2016,4,107,-11.1000,-14.0500,-9.39,-10.02
2016,4,108,-0.5920,-3.5970,-4.261,-6.692
2016,4,109,-3.4070,-5.3320,-4.031,-3.546
2016,4,110,5.7630,2.8980,-0.927,-2.077
2016,4,111,-4.0790,-6.0800,-3.637,-4.166
2016,4,112,-10.7600,-12.5800,-6.16,-5.664
2016,4,113,-11.6600,-13.4400,-7.57,-7.21
2016,4,114,-11.9900,-13.1000,-7.98,-7.47
2016,4,115,-10.2400,-11.9100,-7.13,-6.705
2016,4,116,-8.6400,-10.5000,-7.18,-6.722
2016,4,117,-8.1600,-10.4200,-7.14,-6.325
2016,4,118,-5.9020,-8.2000,-4.907,-4
2016,4,119,-1.4020,-3.7510,-3.517,-2.636
2016,4,120,-1.0370,-4.5850,-2.387,-1.221
2017,4,90,-10.2200,-12.2823,-8.866340606,
2017,4,91,-10.9600,-13.0041,-9.408118183,
2017,4,92,-3.0520,-5.2912,-3.618419431,
2017,4,93,-5.8270,-7.9977,-5.650085344,
2017,4,94,-7.2000,-9.3368,-6.655302388,
2017,4,95,-10.9800,-13.0236,-9.42276082,
2017,4,96,-5.1740,-7.3608,-5.172003239,
2017,4,97,5.7060,3.2508,2.793591402,
2017,4,98,-9.9500,-12.0190,-8.668665004,
2017,4,99,-14.8000,-16.7493,-12.21950453,
2017,4,100,-8.0200,-10.1366,-7.255650513,
2017,4,101,-11.1200,-13.1601,-9.52525928,
2017,4,102,-15.4300,-17.3638,-12.6807476,
2017,4,103,-12.0000,-14.0184,-10.16953532,
2017,4,104,-14.9200,-16.8663,-12.30736035,
2017,4,105,-13.3700,-15.3546,-11.17255597,
2017,4,106,-12.9000,-14.8962,-10.82845399,
2017,4,107,-9.1400,-11.2290,-8.075638197,
2017,4,108,-12.4500,-14.4573,-10.49899465,
2017,4,109,-6.2590,-8.4190,-5.966366307,
2017,4,110,-2.5090,-4.7616,-3.220871831,
2017,4,111,-10.7400,-12.7895,-9.247049173,
2017,4,112,-16.1200,-18.0367,-13.18591858,
2017,4,113,-15.7200,-17.6466,-12.89306584,
2017,4,114,-16.1600,-18.0758,-13.21520386,
2017,4,115,-13.0000,-14.9937,-10.90166718,
2017,4,116,-5.9830,-8.1498,-5.764297914,
2017,4,117,-2.4580,-4.7118,-3.183533106,
2017,4,118,-5.0180,-7.2087,-5.057790669,
2017,4,119,-5.2110,-7.3969,-5.199092118,
2014,5,121,1.3050,-0.6151,0.339,0.992
2014,5,122,-1.3010,-3.0979,-0.023,-2.011
2014,5,123,-2.3570,-4.1040,-0.709,-3.065
2014,5,124,-2.9480,-4.6670,-0.884,0.061
2014,5,125,-0.2010,-2.0499,0.163,2.8
2014,5,126,0.7440,-1.1496,0.297,2.076
2014,5,127,-0.1870,-2.0366,-0.009,-0.039
2014,5,128,-0.4650,-2.3014,-0.03,0.443
2014,5,129,0.6980,-0.9710,0.044,0.664
2014,5,130,-0.6520,-2.5150,0.56,3.521
2014,5,131,1.0400,-2.0170,0.897,3.116
2014,5,132,0.8030,-2.5000,0.354,0.048
2014,5,133,-0.8450,-2.5530,0.146,-1.293
2014,5,134,-2.1510,-3.9077,1.902,6.928
2014,5,135,3.1540,1.1465,1.774,3.93
2014,5,136,2.6030,0.6215,1.737,2.975
2014,5,137,1.0460,-0.8619,0.419,0.845
2014,5,138,-1.0990,-2.9055,1.78,5.009
2014,5,139,0.9130,-0.9886,3.272,7.83
2014,5,140,5.1400,3.0386,5.173,11.46
2014,5,141,8.7500,6.4779,4.606,9.25
2014,5,142,9.4100,7.1067,5.511,8.25
2014,5,143,7.1100,4.9154,4.217,7.96
2014,5,144,5.8320,3.6979,4.217,6.275
2014,5,145,5.4400,3.3244,3.432,4.897
2014,5,146,3.0630,1.0598,5.365,8.93
2014,5,147,6.2100,4.0580,6.942,11.68
2014,5,148,7.8400,5.6109,6.33,11.54
2014,5,149,7.9000,5.6681,4.747,8.12
2014,5,150,8.6600,6.3921,6.296,9.32
2014,5,151,10.9600,8.5834,7.04,11.48
2015,5,121,8.2900,5.3480,1.134,4.521
2015,5,122,4.2160,2.1390,-0.017,-1.074
2015,5,123,-1.9150,-3.5080,0.052,-0.732
2015,5,124,-1.9880,-4.6870,-0.094,-2.874
2015,5,125,-3.2820,-6.2540,-0.555,-2.998
2015,5,126,-5.1450,-7.3500,-1.544,-3.92
2015,5,127,-4.2700,-5.4080,-1.583,-1.577
2015,5,128,-2.8180,-4.5450,-1.519,-1.391
2015,5,129,-4.2100,-7.1100,-0.891,0.524
2015,5,130,-2.0660,-5.5240,0.77,6.11
2015,5,131,4.1470,1.4940,0.97,2.989
2015,5,132,0.6440,-1.2090,2.635,9.39
2015,5,133,8.7000,7.1900,2.49,5.862
2015,5,134,3.6780,1.4690,3.885,10.14
2015,5,135,10.5100,7.3200,0.311,-1.402
2015,5,136,-2.2280,-3.1830,0.357,-0.534
2015,5,137,-3.0880,-4.5310,3.203,8.15
2015,5,138,5.2900,4.0770,2.231,4.145
2015,5,139,3.0420,1.9410,2.25,3.566
2015,5,140,1.6590,-0.1720,3.972,8.2
2015,5,141,3.2700,1.2280,2.913,5.113
2015,5,142,4.4650,3.1910,4.476,8.96
2015,5,143,7.1400,4.3720,3.65,4.501
2015,5,144,3.4950,1.6460,2.338,3.503
2015,5,145,1.3320,0.3540,1.781,3.102
2015,5,146,-0.1470,-1.4040,3.167,5.329
2015,5,147,1.4760,0.2030,2.606,3.228
2015,5,148,0.6210,-0.7320,1.347,1.616
2015,5,149,-0.5220,-1.6950,5.155,10.87
2015,5,150,8.3500,6.4230,9.31,18.35
2015,5,151,16.6700,14.4600,8.61,14.38
2016,5,121,-0.9850,-3.5010,-0.885,0.277
2016,5,122,5.8310,2.7540,-0.333,3.602
2016,5,123,5.4500,3.0910,-0.133,0.816
2016,5,124,-1.1610,-2.7090,-0.418,2.207
2016,5,125,2.0160,0.5260,-0.087,0.382
2016,5,126,-1.7960,-3.6170,-0.135,-0.846
2016,5,127,-1.9740,-3.8520,-0.095,-0.034
2016,5,128,-1.2050,-3.5080,-0.07,2.483
2016,5,129,1.1050,-0.9860,0.53,5.832
2016,5,130,6.2300,3.6800,1.579,7.43
2016,5,131,6.0460,3.4520,0.12,-0.016
2016,5,132,-0.8600,-1.7450,0.033,-1.262
2016,5,133,-2.4100,-3.0660,-0.009,-1.779
2016,5,134,-3.7340,-4.8480,0.212,2.118
2016,5,135,-2.3230,-4.8290,0.376,1.872
2016,5,136,-0.4550,-2.3740,1.362,5.855
2016,5,137,3.8460,1.0500,1.078,3.072
2016,5,138,2.8550,0.3160,1.105,2.526
2016,5,139,1.5910,-0.2310,0.093,-0.031
2016,5,140,-0.3410,-1.1210,1.223,2.737
2016,5,141,0.7620,-0.0530,2.388,6.949
2016,5,142,6.6100,4.1370,2.302,5.075
2016,5,143,3.5820,1.3920,0.581,0.997
2016,5,144,-0.2730,-0.9140,2.114,5.471
2016,5,145,1.5260,0.1730,0.862,1.541
2016,5,146,1.8590,0.8660,0.962,1.264
2016,5,147,1.6430,0.5130,1.287,2.162
2016,5,148,0.9130,-0.6730,3.454,7.36
2016,5,149,3.8130,1.8430,2.187,3.142
2016,5,150,1.8110,-1.6210,1.738,2.511
2016,5,151,0.9330,-1.4520,2.722,6.504
2017,5,120,2.8700,0.8759,2.09159861,
2017,5,121,-5.1190,-6.7354,-1.03420107,
2017,5,122,-6.4690,-8.0216,-1.562406048,
2017,5,123,-11.4600,-12.7766,-3.515199414,
2017,5,124,-3.6330,-5.3196,-0.452784331,
2017,5,125,-0.0850,-1.9394,0.935416603,
2017,5,126,-1.7480,-3.5238,0.284746323,
2017,5,127,-5.1260,-6.7421,-1.03693991,
2017,5,128,-3.2520,-4.9567,-0.303713148,
2017,5,129,-2.2000,-3.9544,0.107895471,
2017,5,130,0.9010,-1.0000,1.321201869,
2017,5,131,1.6510,-0.2855,1.614649078,
2017,5,132,1.4040,-0.5208,1.518007131,
2017,5,133,2.4900,0.5139,1.942918691,
2017,5,134,1.1350,-0.7771,1.412757398,
2017,5,135,0.8260,-1.0715,1.291857148,
2017,5,136,-2.3450,-4.0925,0.051162344,
2017,5,137,0.4060,-1.4716,1.12752671,
2017,5,138,3.1940,1.1846,2.218367805,
2017,5,139,10.8200,8.4500,5.202139035,
2017,5,140,11.4900,9.0883,5.46428521,
2017,5,141,8.6900,6.4207,4.368748959,
2017,5,142,1.7540,-0.1873,1.654949162,
2017,5,143,6.9030,4.7182,3.669562074,
2017,5,144,9.8800,7.5545,4.834351866,
2017,5,145,9.5000,7.1924,4.685671946,
2017,5,146,5.0420,2.9452,2.94142173,
2017,5,147,4.3270,2.2640,2.661668723,
2017,5,148,2.4350,0.4615,1.921399229,
2017,5,149,2.5520,0.5729,1.967176993,
2017,5,150,5.5670,3.4454,3.146834777,
2014,6,152,8.3000,6.3741,10.7,19.37
2014,6,153,17.4800,15.3380,5.206,3.979
2014,6,154,3.9000,2.0777,5.363,8.16
2014,6,155,5.9270,4.0570,1.783,0.537
2014,6,156,1.1040,-0.6525,0.774,-0.142
2014,6,157,0.6130,-1.1320,1.401,0.605
2014,6,158,1.9120,0.1365,3.077,4.075
2014,6,159,3.7320,1.9136,6.188,9.98
2014,6,160,6.9280,5.0344,5.247,6.988
2014,6,161,5.0200,3.6430,3.818,4.053
2014,6,162,2.4690,0.9240,5.476,7.26
2014,6,163,4.4730,1.4400,8.32,13.76
2014,6,164,11.3500,8.8900,12.33,20.68
2014,6,165,16.6800,16.0800,13.45,21.6
2014,6,166,18.7700,17.8700,12.35,16.1
2014,6,167,15.2300,12.2400,12.49,18.36
2014,6,168,15.1300,13.7500,15.04,22.72
2014,6,169,21.5900,19.7900,15.73,23.63
2014,6,170,22.1900,20.4600,15.34,22.86
2014,6,171,19.6400,18.1300,13.86,17.3
2014,6,172,17.7600,13.2100,9.18,8.75
2014,6,173,7.9700,5.2340,9.81,12.73
2014,6,174,10.2600,8.7200,14.34,21.41
2014,6,175,17.4300,16.7000,17.06,24.7
2014,6,176,23.0400,22.1300,18.59,26.28
2014,6,177,24.2600,23.4200,20.45,28.32
2014,6,178,25.3200,23.9600,15.08,17.02
2014,6,179,17.2400,17.0300,8.57,7.07
2014,6,180,7.5700,6.0800,5.695,5.329
2014,6,181,5.5810,4.8170,8.25,11.6
2015,6,152,14.3300,13.1200,5.567,6.105
2015,6,153,7.0800,5.7730,3.477,4.157
2015,6,154,3.7660,2.3120,5.22,7.45
2015,6,155,5.5980,2.6030,7.21,14.04
2015,6,156,13.9300,12.3100,12.23,20.61
2015,6,157,20.8000,16.5800,10.27,14.64
2015,6,158,14.1400,10.0500,4.904,3.442
2015,6,159,4.1500,1.9610,3.947,3.956
2015,6,160,3.6980,1.9580,3.427,3.699
2015,6,161,2.4220,1.3630,3.647,4.788
2015,6,162,3.3910,1.9670,4.587,6.07
2015,6,163,4.5210,2.1500,2.78,2.564
2015,6,164,2.8730,1.8880,2.097,2.057
2015,6,165,2.1800,1.4630,2.097,2.057
2015,6,166,5.7560,1.4630,4.201,6.195
2015,6,167,6.6160,4.0800,5.845,8.74
2015,6,168,7.7200,6.8620,7.45,10.05
2015,6,169,11.3500,5.8370,9.42,14.47
2015,6,170,10.9300,9.0900,9.32,12.81
2015,6,171,12.0800,9.3200,10.05,14.77
2015,6,172,10.4600,10.8100,9.05,11.88
2015,6,173,8.8600,8.7800,8.05,9.92
2015,6,174,13.5200,8.5400,10.2,15.77
2015,6,175,20.8300,12.2700,13.45,22.53
2015,6,176,15.1500,19.0200,13.82,20.44
2015,6,177,13.5100,13.0700,11.36,14.72
2015,6,178,15.5900,10.6700,12.34,17.2
2015,6,179,8.5700,11.2400,9.11,10.04
2015,6,180,11.7200,7.4600,10.74,15.43
2015,6,181,15.4900,11.0300,12.68,18.65
2016,6,152,2.4460,0.8650,1.905,4.108
2016,6,153,2.3220,0.6040,4.04,8.9
2016,6,154,5.5970,3.4130,5.369,11.53
2016,6,155,11.3200,8.9200,5.172,9.54
2016,6,156,9.3500,6.8450,1.814,1.797
2016,6,157,2.4180,1.2180,2.463,3.954
2016,6,158,1.8820,0.5230,3.011,4.396
2016,6,159,2.4810,-0.5530,3.124,4.393
2016,6,160,2.2980,-0.7990,3.934,6.136
2016,6,161,3.4920,0.0910,1.267,0.736
2016,6,162,0.3730,-0.4600,5.677,12.06
2016,6,163,8.7200,6.1630,7.67,14.36
2016,6,164,12.0000,11.1500,6.226,9.35
2016,6,165,8.5200,7.3200,9.36,17.04
2016,6,166,14.4300,12.3800,10.38,16.74
2016,6,167,15.1700,13.2800,10.32,17.3
2016,6,168,15.0200,13.2300,12.16,20.44
2016,6,169,21.1000,19.0800,9.84,13.53
2016,6,170,13.7300,12.6400,8.03,11.8
2016,6,171,11.7900,10.0200,6.574,9.05
2016,6,172,8.0200,5.7720,6.999,9.81
2016,6,173,8.7400,6.7220,9.67,17.99
2016,6,174,13.1000,12.4300,9.6,13.7
2016,6,175,11.9500,8.5300,9.74,13.79
2016,6,176,11.8800,8.8400,9.5,13.19
2016,6,177,10.7000,9.2200,8.82,13.02
2016,6,178,9.0500,7.0100,10.72,17.73
2016,6,179,17.1000,15.7100,10.27,14.25
2016,6,180,12.4900,8.7900,7.88,11.77
2016,6,181,7.9500,6.1520,10.21,16.57
2017,6,151,5.9770,4.1058,5.824243696,
2017,6,152,7.1500,5.2512,6.463344424,
2017,6,153,4.5060,2.6694,5.022779783,
2017,6,154,4.2970,2.4653,4.908907616,
2017,6,155,8.0400,6.1202,6.948254609,
2017,6,156,14.7100,12.6332,10.58235679,
2017,6,157,17.4200,15.2794,12.05888106,
2017,6,158,10.0400,8.0731,8.03794042,
2017,6,159,7.7900,5.8761,6.812043883,
2017,6,160,4.5130,2.6762,5.026593683,
2017,6,161,2.2550,0.4714,3.796338404,
2017,6,162,3.2980,1.4898,4.364609554,
2017,6,163,5.4240,3.5658,5.52294557,
2017,6,164,14.2900,12.2231,10.35352277,
2017,6,165,13.7800,11.7251,10.07565288,
2017,6,166,4.8150,2.9711,5.191136241,
2017,6,167,5.9380,4.0677,5.802994823,
2017,6,168,7.6500,5.7394,6.735765876,
2017,6,169,10.0700,8.1024,8.054285707,
2017,6,170,12.0300,10.0163,9.122177801,
2017,6,171,15.8200,13.7171,11.18713241,
2017,6,172,20.1600,17.9550,13.55175062,
2017,6,173,9.8000,7.8388,7.907178122,
2017,6,174,9.2600,7.3115,7.612962954,
2017,6,175,13.2000,11.1588,9.759644,
2017,6,176,11.7500,9.7429,8.969621787,
2017,6,177,10.7000,8.7176,8.397536737,
2017,6,178,9.5800,7.6240,7.787312683,
2017,6,179,7.9300,6.0128,6.88832189,
2017,6,180,9.2700,7.3213,7.618411383,
2014,7,182,10.5700,7.7900,9.99,13.93
2014,7,183,13.5800,11.4900,13.01,19.6
2014,7,184,16.8900,15.0000,12.44,16.51
2014,7,185,17.0000,15.1000,11.22,13.81
2014,7,186,12.0600,10.0200,11.37,16.28
2014,7,187,11.5700,11.5500,11.52,15.61
2014,7,188,15.5300,12.8500,13.33,17.01
2014,7,189,15.4800,13.3500,12.42,15.45
2014,7,190,14.0100,13.5800,10.89,12.42
2014,7,191,11.5600,9.4500,12.62,16.42
2014,7,192,15.8200,14.0300,8.22,6.804
2014,7,193,7.3400,6.4940,6.663,6.497
2014,7,194,6.3540,5.3820,10.59,14.92
2014,7,195,12.7800,10.3700,13.92,21.27
2014,7,196,19.5800,18.7000,15.66,22.88
2014,7,197,22.9300,21.7500,15.07,19.21
2014,7,198,19.6900,18.6500,13.46,16.65
2014,7,199,16.9700,15.7000,13.96,19.88
2014,7,200,16.4700,15.6800,10.67,11.5
2014,7,201,11.9700,11.5700,8.81,8.98
2014,7,202,8.8100,8.2200,12.09,16.65
2014,7,203,14.9400,13.7700,13.52,18.07
2014,7,204,16.9600,15.7400,13.42,16.98
2014,7,205,15.8000,14.2400,10.74,11.62
2014,7,206,11.1700,9.6700,11.05,13.32
2014,7,207,11.6300,9.5700,13.21,18.29
2014,7,208,19.2300,16.8900,13.42,16.55
2014,7,209,15.8800,13.4800,12.82,16.08
2014,7,210,14.6100,13.3000,13.79,17.61
2014,7,211,15.7500,15.2500,14.11,18.41
2014,7,212,16.5400,15.9300,13.3,16.08
2015,7,182,18.1000,14.1200,14.59,22.34
2015,7,183,15.7900,17.5100,13.52,16.16
2015,7,184,12.0400,14.7700,11.33,13.67
2015,7,185,5.9840,10.5000,6.517,6.04
2015,7,186,5.4900,6.1870,5.248,5.187
2015,7,187,12.9600,5.1480,9.26,14.21
2015,7,188,9.7300,10.3400,7.3,8.31
2015,7,189,11.6100,8.9900,8.95,12.86
2015,7,190,14.0700,11.1200,9.24,13.56
2015,7,191,17.4000,14.0500,12.27,18.91
2015,7,192,17.8900,15.2300,13.61,20.97
2015,7,193,14.9200,16.7700,11.74,15.39
2015,7,194,9.9400,13.9000,9.58,11.81
2015,7,195,9.3500,9.7000,9.16,11.85
2015,7,196,10.4500,7.6400,9.21,12.18
2015,7,197,15.8700,9.5600,12.32,18.64
2015,7,198,9.5300,14.4500,8.84,9.16
2015,7,199,8.4500,8.3500,7.79,8.43
2015,7,200,9.9700,7.7600,8.95,10.87
2015,7,201,13.2500,7.7500,10.7,14.65
2015,7,202,14.7900,11.8600,11.97,16.98
2015,7,203,14.5200,14.1500,12.13,16.36
2015,7,204,11.9200,12.6800,10.33,12.81
2015,7,205,16.3600,11.1100,12.62,16.84
2015,7,206,14.2700,12.9300,11.95,14.87
2015,7,207,17.8800,11.4900,13.76,19.78
2015,7,208,17.0700,17.2000,13.53,16.66
2015,7,209,15.1700,15.6800,12.55,14.95
2015,7,210,10.6700,12.3200,9.82,9.91
2015,7,211,12.3900,9.4300,10.43,12.7
2015,7,212,14.5900,10.6300,11.44,14.89
2016,7,182,15.7300,13.3700,11.78,18.08
2016,7,183,14.4600,10.8900,13.67,22.26
2016,7,184,17.4200,16.9600,10.15,10.59
2016,7,185,9.9000,6.2230,9.34,13.32
2016,7,186,9.7400,6.7630,7.05,7.57
2016,7,187,6.6350,4.5000,6.881,8.18
2016,7,188,6.2010,4.0460,7.16,9.34
2016,7,189,8.1500,5.4150,9.66,14.07
2016,7,190,10.9600,8.8600,10.11,15.48
2016,7,191,12.4800,11.9300,11.35,17.3
2016,7,192,14.4700,12.8100,10.74,14.19
2016,7,193,12.9800,10.2000,7.92,8.42
2016,7,194,8.6100,6.6890,8.79,12.2
2016,7,195,9.2400,5.9910,11.88,19.59
2016,7,196,16.2300,14.4500,14.45,22.11
2016,7,197,22.1700,19.8700,12.46,14.36
2016,7,198,15.5800,13.9200,10.15,11.79
2016,7,199,10.6900,10.5000,11.52,16.02
2016,7,200,16.7000,16.2000,13.18,17.76
2016,7,201,17.5100,15.2700,9.58,10.35
2016,7,202,9.3300,7.9700,9.84,12.89
2016,7,203,11.1800,9.6200,10.8,14.19
2016,7,204,12.3600,11.4000,10.06,12.92
2016,7,205,13.7700,13.4100,12.13,15.92
2016,7,206,14.7300,11.6600,10.53,12.65
2016,7,207,11.6000,10.7400,10.09,11.8
2016,7,208,10.9700,9.3900,12.26,18.07
2016,7,209,14.8800,13.9700,12.68,16.98
2016,7,210,14.5900,12.8000,11.88,16.94
2016,7,211,14.1300,14.2500,10.68,12.9
2016,7,212,11.0900,10.8000,10.85,13.91
2017,7,181,8.5300,7.7232,9.644982438,
2017,7,182,10.3300,9.2745,10.20352468,
2017,7,183,13.1700,11.7222,11.08478022,
2017,7,184,19.5500,17.2208,13.06450218,
2017,7,185,20.4900,18.0310,13.35618535,
2017,7,186,15.0000,13.2994,11.65263151,
2017,7,187,16.6900,14.7559,12.17704061,
2017,7,188,14.8700,13.1874,11.61229234,
2017,7,189,14.4000,12.7823,11.46645076,
2017,7,190,13.7200,12.1962,11.25544591,
2017,7,191,9.3600,8.4385,9.902532473,
2017,7,192,12.5700,11.2051,10.89859948,
2017,7,193,20.5300,18.0655,13.3685974,
2017,7,194,20.1300,17.7207,13.24447691,
2017,7,195,13.5200,12.0238,11.19338566,
2017,7,196,18.6600,16.4538,12.78833407,
2017,7,197,23.7700,20.8579,14.37397344,
2017,7,198,10.5300,9.4469,10.26558493,
2017,7,199,11.7900,10.5328,10.6565645,
2017,7,200,12.4000,11.0586,10.84584826,
2017,7,201,10.2600,9.2142,10.1818036,
2017,7,202,13.8900,12.3427,11.30819712,
2017,7,203,18.7500,16.5314,12.81626118,
2017,7,204,21.4500,18.8584,13.65407455,
2017,7,205,14.1700,12.5841,11.39508147,
2017,7,206,12.5500,11.1878,10.89239345,
2017,7,207,17.3900,15.3592,12.39425149,
2017,7,208,17.7000,15.6264,12.49044487,
2017,7,209,18.8600,16.6262,12.85039432,
2017,7,210,14.2200,12.6271,11.41059653,
2017,7,211,14.3000,12.6961,11.43542063,
2014,8,213,15.7200,14.7100,13.19,17.25
2014,8,214,14.2600,13.5400,14.39,19
2014,8,215,17.5200,16.9600,14.79,18.32
2014,8,216,17.7400,15.8700,14.13,17.18
2014,8,217,16.8700,15.0700,17.21,23.12
2014,8,218,23.0000,22.2100,19.02,24.39
2014,8,219,24.0000,22.9500,12.18,11.99
2014,8,220,12.1400,10.9800,9.67,10.62
2014,8,221,10.2700,10.1100,8.28,8.21
2014,8,222,8.9500,8.1700,9.13,11.44
2014,8,223,11.2500,11.2300,10.67,13.27
2014,8,224,11.9300,10.9100,12.4,17.76
2014,8,225,16.3900,15.9400,14.4,18.75
2014,8,226,20.5100,18.6000,12.34,14.08
2014,8,227,12.8100,11.1300,11.98,14.74
2014,8,228,14.3500,12.5800,12.1,15.34
2014,8,229,16.1100,15.9200,11.86,13.53
2014,8,230,12.4900,10.8400,8.27,7.65
2014,8,231,7.8400,8.0400,9.44,11.09
2014,8,232,11.4500,9.6400,8.67,9.04
2014,8,233,9.5500,8.7300,8.79,10.35
2014,8,234,9.6900,8.9500,8.63,9.67
2014,8,235,8.6800,8.7000,7.01,8.18
2014,8,236,6.4840,7.4100,6.951,7.45
2014,8,237,7.4800,6.8500,7.51,9.9
2014,8,238,9.8600,9.0500,8.7,12.4
2014,8,239,13.0400,12.7800,11.75,15.92
2014,8,240,16.6300,15.5500,10.06,12.43
2014,8,241,11.7400,11.0300,9.52,12.52
2014,8,242,10.7300,10.8400,8.29,9.38
2014,8,243,9.3200,9.4400,10.07,12.26
2015,8,213,9.5000,12.7400,8.97,9.08
2015,8,214,8.0900,8.7500,7.56,7.85
2015,8,215,9.1600,7.7100,8.25,9.74
2015,8,216,10.1700,8.2400,9.52,11.79
2015,8,217,10.7700,8.7000,9.78,11.99
2015,8,218,10.6300,9.3400,9.94,12.29
2015,8,219,10.6100,9.4200,9.3,12.08
2015,8,220,12.5600,9.8200,10.25,13.18
2015,8,221,13.0800,10.7300,10.91,14.34
2015,8,222,10.5400,10.9000,9.75,11.04
2015,8,223,15.3400,9.1400,11.41,16.17
2015,8,224,22.7900,14.3300,15.81,23.27
2015,8,225,16.8600,20.9200,13.16,16.16
2015,8,226,11.7100,16.1700,11.05,12.2
2015,8,227,9.3400,11.2600,9.26,9.54
2015,8,228,9.8200,8.9900,8.98,10.55
2015,8,229,14.3600,9.9800,11.59,15.98
2015,8,230,11.7800,14.6200,11.39,13.67
2015,8,231,10.2500,11.4800,9.83,12.08
2015,8,232,11.5200,10.5800,10.04,13.07
2015,8,233,10.1700,10.7100,9.35,11.29
2015,8,234,9.9000,9.1300,9.4,11.85
2015,8,235,9.2700,9.1600,8.65,10.53
2015,8,236,8.8400,8.9000,8.7,9.9
2015,8,237,11.0800,8.8400,9.09,12.71
2015,8,238,15.0500,11.5600,11.45,14.79
2015,8,239,11.8500,13.7300,10.47,12.85
2015,8,240,12.8900,11.9400,9.92,12.13
2015,8,241,11.4000,13.2300,9.74,10.72
2015,8,242,10.1700,10.8500,9.13,10.89
2015,8,243,8.8300,9.6500,7.87,8.62
2016,8,213,12.7600,10.6000,11.87,15.56
2016,8,214,16.1600,14.9200,13.4,16.57
2016,8,215,17.2300,16.4600,11.17,12.01
2016,8,216,13.3000,11.1700,10.55,12.11
2016,8,217,12.4200,10.8900,10,11.24
2016,8,218,11.8000,10.9800,10.52,13.26
2016,8,219,13.2500,12.4100,10.05,13.35
2016,8,220,10.1600,10.7800,9.98,11.78
2016,8,221,10.4200,9.5000,8.12,8.98
2016,8,222,9.3300,9.0200,10.39,14.19
2016,8,223,14.3100,12.6000,11.55,17.31
2016,8,224,14.4600,13.5800,12.83,19.31
2016,8,225,16.1700,15.9800,12.99,18.57
2016,8,226,15.2000,15.5500,12.1,16.6
2016,8,227,13.7100,13.6000,11.95,16.25
2016,8,228,13.3500,12.8900,12.53,17.04
2016,8,229,15.3700,14.2300,12.83,16.44
2016,8,230,16.5200,16.1600,12.13,14.02
2016,8,231,13.4300,12.6100,8.85,8.48
2016,8,232,8.7800,8.6800,8.24,8.9
2016,8,233,9.5800,9.1500,9.37,11.46
2016,8,234,11.2000,10.4600,10.3,13.19
2016,8,235,12.0900,11.0700,10.61,14.05
2016,8,236,12.4900,12.2500,10.3,13.85
2016,8,237,10.9100,11.1700,9.44,11.13
2016,8,238,11.3500,10.7500,9.94,12.96
2016,8,239,11.4600,10.3100,10.47,14.59
2016,8,240,12.7400,12.6800,11.3,15.22
2016,8,241,13.2300,12.2000,9.37,9.94
2016,8,242,10.7000,9.7000,8.7,9.59
2016,8,243,9.5000,8.7300,9.01,11.76
2017,8,212,10.9100,10.5211,9.922087344,
2017,8,213,10.9000,10.5129,9.917972644,
2017,8,214,11.4100,10.9285,10.1278223,
2017,8,215,12.6900,11.9715,10.65450379,
2017,8,216,13.4500,12.5907,10.96722093,
2017,8,217,15.7000,14.4240,11.89302824,
2017,8,218,17.8900,16.2085,12.79414735,
2017,8,219,13.5500,12.6722,11.00836792,
2017,8,220,12.9100,12.1507,10.74502717,
2017,8,221,14.2300,13.2263,11.28816746,
2017,8,222,15.3200,14.1144,11.73666967,
2017,8,223,16.4400,15.0270,12.19751597,
2017,8,224,19.0000,17.1129,13.25087895,
2017,8,225,14.5000,13.4463,11.39926434,
2017,8,226,17.6700,16.0292,12.70362397,
2017,8,227,21.4900,19.1418,14.27543904,
2017,8,228,21.2700,18.9626,14.18491566,
2017,8,229,19.3100,17.3655,13.37843463,
2017,8,230,15.4100,14.1878,11.77370196,
2017,8,231,12.5100,11.8248,10.58043921,
2017,8,232,11.9100,11.3359,10.33355726,
2017,8,233,10.1900,9.9344,9.625829005,
2017,8,234,9.0100,8.9730,9.140294505,
2017,8,235,10.3800,10.0892,9.704008289,
2017,8,236,13.8900,12.9492,11.14826769,
2017,8,237,16.8600,15.3692,12.37033334,
2017,8,238,20.7500,18.5389,13.97095131,
2017,8,239,17.2200,15.6626,12.51846251,
2017,8,240,14.1400,13.1529,11.25113517,
2017,8,241,8.5000,8.5574,8.930444849,
2017,8,242,9.4500,9.3315,9.321341268,
2014,9,244,13.0700,11.0100,9.57,10.87
2014,9,245,10.7400,9.9700,7.93,7.77
2014,9,246,8.4500,7.7400,8.07,10.12
2014,9,247,9.2900,8.6900,6.785,6.884
2014,9,248,6.8980,7.6700,6.042,7.26
2014,9,249,6.3100,7.4200,6.261,8.02
2014,9,250,6.9220,6.8870,5.197,5.741
2014,9,251,4.5420,5.5510,4.336,4.459
2014,9,252,5.0130,5.0130,5.172,7.11
2014,9,253,6.4660,6.6610,5.148,6.981
2014,9,254,6.6980,7.2700,5.768,7.9
2014,9,255,7.6000,7.5500,4.746,4.391
2014,9,256,4.5080,4.3300,4.472,5.564
2014,9,257,5.7550,5.6330,3.315,2.423
2014,9,258,2.6680,2.4210,2.069,1.31
2014,9,259,1.4610,1.6090,1.033,-0.366
2014,9,260,0.4280,0.5640,1.028,1.694
2014,9,261,2.0680,2.1730,3.547,5.291
2014,9,262,5.7890,5.4070,3.681,3.947
2014,9,263,3.7770,3.5870,2.726,3.319
2014,9,264,4.0420,3.6040,4.047,4.549
2014,9,265,5.0060,4.6710,5.289,8.78
2014,9,266,9.8800,9.1700,5.911,8.15
2014,9,267,8.6000,8.8300,3.413,3.187
2014,9,268,4.0030,4.7600,4.056,4.079
2014,9,269,4.7040,3.9380,1.981,1.513
2014,9,270,1.5690,2.3770,1.781,2.192
2014,9,271,1.5970,2.5790,2.498,3.622
2014,9,272,4.5600,4.2570,3.705,4.789
2014,9,273,5.5260,4.9660,4.653,5.919
2015,9,244,9.7400,8.5400,8.15,9.98
2015,9,245,11.6500,9.2700,9.13,11.73
2015,9,246,12.6000,10.8500,9.41,11.84
2015,9,247,11.6500,10.6400,9.85,11.88
2015,9,248,9.0900,9.7100,8.75,9.79
2015,9,249,8.6300,8.2600,7.79,8.65
2015,9,250,7.0400,7.8800,6.18,6.48
2015,9,251,7.8100,7.2900,6.605,7.3
2015,9,252,7.0700,7.2600,6.026,6.454
2015,9,253,8.3900,6.9150,6.885,8.9
2015,9,254,10.1400,7.9300,7.25,10.51
2015,9,255,13.1900,10.0600,8.78,12.32
2015,9,256,7.7700,12.9200,6.951,7.82
2015,9,257,4.7870,8.1500,4.869,5.105
2015,9,258,4.7660,5.3490,4.32,5.36
2015,9,259,5.6740,5.0100,4.56,5.559
2015,9,260,5.2670,5.6670,4.484,4.93
2015,9,261,4.5930,5.2310,4.694,4.858
2015,9,262,3.2280,5.1940,3.708,3.75
2015,9,263,7.4900,4.4860,4.529,5.853
2015,9,264,6.6860,7.6400,4.761,6.183
2015,9,265,5.0270,6.9150,4.575,4.812
2015,9,266,4.5720,5.2970,3.849,4.13
2015,9,267,4.5070,4.5790,3.471,4.898
2015,9,268,9.4500,5.0970,5.508,8.85
2015,9,269,11.8800,9.0400,7.71,10.79
2015,9,270,7.3200,11.0300,5.431,6.066
2015,9,271,3.2170,7.5800,3.41,2.947
2015,9,272,0.1360,3.3010,1.357,0.299
2015,9,273,1.6920,0.2980,0.865,1.778
2016,9,244,10.1400,10.0100,9.51,12.09
2016,9,245,12.1400,11.9600,9.37,10.51
2016,9,246,10.6000,10.2700,10.25,12.96
2016,9,247,14.1200,13.0400,9.47,9.63
2016,9,248,10.4500,10.4600,7.91,9.68
2016,9,249,9.4900,9.5900,9.7,12.1
2016,9,250,11.2000,10.9500,9.79,13.25
2016,9,251,11.9700,12.3300,9.01,11.2
2016,9,252,10.0400,9.8700,8.55,9.62
2016,9,253,8.9800,8.6000,6.793,7.27
2016,9,254,6.4020,7.2800,5.912,5.684
2016,9,255,5.1640,5.5690,5.29,5.091
2016,9,256,5.2410,5.9020,5.008,7.42
2016,9,257,7.6300,7.8300,5.683,5.861
2016,9,258,6.3460,6.5620,4.743,5.192
2016,9,259,4.9930,5.0230,4.727,5.487
2016,9,260,4.9620,5.4080,6.048,8.28
2016,9,261,9.3700,8.8700,8.18,12
2016,9,262,12.6800,11.9500,8.6,10.11
2016,9,263,10.8900,9.9600,6.286,6.126
2016,9,264,6.5090,6.5910,4.706,4.607
2016,9,265,4.7250,5.0530,3.505,3.493
2016,9,266,2.7130,4.9390,4.182,6.929
2016,9,267,7.2500,7.2500,6.237,9.88
2016,9,268,10.7500,10.3200,6.725,8.01
2016,9,269,8.9800,8.6500,6.169,6.796
2016,9,270,7.3200,7.2000,5.556,6.092
2016,9,271,6.4630,6.0070,6.357,8.68
2016,9,272,10.1300,9.5600,5.443,7.79
2016,9,273,9.1100,8.5300,5.124,6.676
2017,9,243,14.2700,12.7105,9.642259243,
2017,9,244,15.6500,13.7911,10.40208212,
2017,9,245,11.6700,10.6745,8.210708892,
2017,9,246,7.0800,7.0803,5.683471928,
2017,9,247,6.9760,6.9989,5.626209914,
2017,9,248,8.3100,8.0435,6.360705363,
2017,9,249,9.0700,8.6386,6.779158542,
2017,9,250,11.0600,10.1969,7.874845156,
2017,9,251,18.8900,16.3282,12.1860141,
2017,9,252,12.3600,11.2149,8.590620332,
2017,9,253,11.1400,10.2595,7.91889286,
2017,9,254,9.5700,9.0301,7.054456686,
2017,9,255,5.3450,5.7217,4.728187367,
2017,9,256,4.4340,5.0083,4.226594148,
2017,9,257,2.8520,3.7695,3.35555082,
2017,9,258,4.6000,5.1383,4.317993132,
2017,9,259,8.6500,8.3097,6.547908101,
2017,9,260,7.8400,7.6754,6.101925107,
2017,9,261,6.1880,6.3818,5.192340038,
2017,9,262,5.9090,6.1633,5.038723674,
2017,9,263,6.1560,6.3567,5.174720957,
2017,9,264,10.4400,9.7114,7.533475457,
2017,9,265,6.1560,6.3567,5.174720957,
2017,9,266,4.5050,5.0639,4.265686485,
2017,9,267,4.1890,4.8165,4.091698057,
2017,9,268,4.7660,5.2683,4.409392116,
2017,9,269,6.0980,6.3113,5.142786372,
2017,9,270,9.3000,8.8187,6.905795688,
2017,9,271,5.1320,5.5549,4.610910358,
2014,10,274,6.5840,5.9910,4.031,3.993
2014,10,275,4.5080,3.9700,1.206,-0.002
2014,10,276,0.1240,0.0360,0.484,-0.192
2014,10,277,0.1040,-0.0140,1.503,2.21
2014,10,278,2.5160,2.7780,2.371,2.918
2014,10,279,2.4520,3.0640,2.657,3.3
2014,10,280,3.2600,3.7120,2.66,3.213
2014,10,281,3.3380,3.1760,2.102,1.807
2014,10,282,2.2240,2.2760,0.491,-0.753
2014,10,283,-0.3960,-0.5390,0.254,0.369
2014,10,284,1.2350,0.7610,1.501,2.368
2014,10,285,3.0930,2.5010,1.59,1.547
2014,10,286,1.8810,1.8420,1.108,0.812
2014,10,287,0.8080,1.0670,0.775,0.865
2014,10,288,1.2100,1.3650,0.645,0.118
2014,10,289,0.5830,0.5250,0.112,-0.973
2014,10,290,-1.8890,-2.2580,-0.007,-1.717
2014,10,291,-2.4780,-2.5950,0.029,0.142
2014,10,292,0.9240,0.4860,0.181,1.845
2014,10,293,2.3340,1.9390,0.575,2.472
2014,10,294,3.0150,3.1140,1.864,2.952
2014,10,295,3.1860,3.0720,2.035,2.643
2014,10,296,3.1380,2.7790,2.413,3.153
2014,10,297,3.8550,3.2880,2.088,2.205
2014,10,298,2.5980,2.3160,0.548,-0.609
2014,10,299,-0.5720,-0.6090,0.013,-2.603
2014,10,300,-2.8500,-3.2270,-0.175,-3.641
2014,10,301,-4.4540,-4.6570,-0.277,-2.64
2014,10,302,-4.5730,-4.2090,-0.331,-2.673
2014,10,303,-5.2120,-4.8660,-1.135,-4.428
2014,10,304,-5.9500,-5.2130,-1.641,-3.429
2015,10,274,11.4500,1.6800,4.766,10.49
2015,10,275,14.1500,11.0200,7.11,12.85
2015,10,276,10.8000,13.6100,7.12,10.54
2015,10,277,5.2950,9.9100,4.901,4.93
2015,10,278,5.3500,4.8580,4.596,5.184
2015,10,279,4.0500,5.1590,4.083,3.916
2015,10,280,3.4310,4.3030,3.009,3.486
2015,10,281,1.2620,3.9840,1.771,0.662
2015,10,282,-1.8900,1.4260,0.283,-0.283
2015,10,283,-0.8470,-0.7050,0.113,-0.688
2015,10,284,2.0220,-0.5080,0.162,0.218
2015,10,285,2.3660,1.6520,1.127,2.402
2015,10,286,1.0870,2.4500,0.895,0.794
2015,10,287,1.6850,0.7980,1.451,1.744
2015,10,288,-4.9780,1.4550,0.132,-3.225
2015,10,289,-6.1670,-4.4930,-0.223,-3.375
2015,10,290,-1.1450,-4.3300,-0.188,-1.319
2015,10,291,3.2740,-1.3340,0.089,2.048
2015,10,292,-3.5430,2.9980,-0.112,-3.127
2015,10,293,-5.4540,-3.4820,-0.543,-4.149
2015,10,294,-2.6630,-5.3720,-0.807,-2.801
2015,10,295,-1.7740,-2.2180,-0.959,-1.728
2015,10,296,1.7520,-1.6410,-0.158,0.993
2015,10,297,-7.8800,1.5510,-1.688,-6.022
2015,10,298,-10.7700,-7.7300,-4.188,-7.61
2015,10,299,-10.1600,-8.9600,-5.317,-7.63
2015,10,300,-6.5430,-7.4900,-4.955,-6.128
2015,10,301,-0.2620,-5.5380,-2.008,-0.921
2015,10,302,-4.7540,-0.4150,-2.295,-4.375
2015,10,303,-4.8690,-4.7290,-2.893,-3.806
2015,10,304,-0.8400,-4.6210,-1.881,-1.862
2016,10,274,7.2200,6.9410,4.298,3.914
2016,10,275,4.2080,4.5980,3.026,3.143
2016,10,276,2.6710,3.8890,4.955,6.478
2016,10,277,7.6800,7.5000,2.573,2.216
2016,10,278,1.9340,2.1460,1.752,1.548
2016,10,279,1.7950,1.8040,1.859,2.16
2016,10,280,2.5110,2.4450,1.872,1.859
2016,10,281,1.9060,2.0960,1.253,0.675
2016,10,282,0.9560,0.9160,1.03,0.501
2016,10,283,0.5230,0.4440,0.653,0.224
2016,10,284,0.4080,1.0400,0.244,-0.487
2016,10,285,-0.1960,0.0330,0.071,-1.271
2016,10,286,-1.3630,-1.3560,-0.131,-3.354
2016,10,287,-3.8260,-3.7900,-0.32,-3.211
2016,10,288,-4.4830,-4.1880,-0.347,-1.407
2016,10,289,-1.1440,-1.0530,-0.223,-0.242
2016,10,290,0.1680,-0.0170,-0.039,0.515
2016,10,291,1.2240,1.0260,0.03,0.582
2016,10,292,1.2680,1.2120,0.044,0.209
2016,10,293,0.8680,1.1620,0.023,-0.978
2016,10,294,-0.5380,-0.8710,-0.011,0.729
2016,10,295,1.3890,0.7080,0.027,0.205
2016,10,296,1.3050,0.6430,-0.311,0.882
2016,10,297,1.6250,1.5110,-0.951,-2.296
2016,10,298,0.5690,-3.3750,-2.718,-3.986
2016,10,299,-0.1140,-5.6560,-1.027,-0.395
2016,10,300,-0.7750,-0.0970,-0.293,-0.466
2016,10,301,0.9000,-2.0890,-4.998,-6.915
2016,10,302,-1.7780,-11.7200,-5.338807777,
2016,10,303,-3.3160,-2.6788,-0.924395165,
2016,10,304,-10.2200,-8.1515,-3.596502565,
2014,11,305,-4.0970,-3.3840,-0.651,-0.631
2014,11,306,-0.4250,-0.3350,-0.528,-0.622
2014,11,307,-0.0880,-0.4500,-0.111,-0.025
2014,11,308,-0.0430,-0.3760,-0.734,-3.292
2014,11,309,-8.9000,-7.6000,-4.081,-6.265
2014,11,310,-14.4300,-12.9000,-4.918,-6.649
2014,11,311,-10.7400,-10.3800,-9.39,-12.7
2014,11,312,-18.1100,-16.6000,-7.37,-6.999
2014,11,313,-10.6500,-9.4500,-6.4,-5.567
2014,11,314,-8.3100,-7.2500,-4.619,-5.468
2014,11,315,-9.0900,-6.9920,-5.292,-6.633
2014,11,316,-9.7200,-6.8060,-8.42,-10.82
2014,11,317,-14.2600,-13.0100,-9.86,-12.65
2014,11,318,-17.6600,-16.2800,-12.43,-15.15
2014,11,319,-20.2600,-18.6200,-9.87,-10.91
2014,11,320,-12.5600,-11.9500,-10.94,-13.27
2014,11,321,-16.1500,-15.6800,-12.12,-13.59
2014,11,322,-14.4200,-13.7100,-11.72,-14.04
2014,11,323,-17.2100,-16.8300,-15.47,-18.79
2014,11,324,-23.4900,-21.6100,-15.5,-17.14
2014,11,325,-19.7600,-19.0800,-16.41,-19.57
2014,11,326,-23.7300,-22.2400,-19.15,-22.2
2014,11,327,-26.6300,-24.1200,-18.51,-20.59
2014,11,328,-23.4300,-22.8100,-19.45,-22.14
2014,11,329,-26.4100,-24.4400,-19.27,-21.55
2014,11,330,-23.9300,-22.3000,-18.21,-20.25
2014,11,331,-22.1700,-21.3300,-19.48,-22.32
2014,11,332,-26.3600,-24.3800,-22.17,-25.44
2014,11,333,-29.3900,-28.0300,-22.81,-25.52
2014,11,334,-29.3400,-27.4100,-22.47,-24.88
2015,11,305,0.5460,-1.1270,-0.988,-0.547
2015,11,306,-4.3540,-0.2440,-1.172,-3.064
2015,11,307,-12.6300,-4.4880,-3.546,-7.58
2015,11,308,-6.6620,-11.0400,-4.307,-5.659
2015,11,309,-1.9060,-6.8520,-2.35,-2.225
2015,11,310,-6.3640,-2.0610,-2.814,-4.951
2015,11,311,-10.1600,-6.2420,-4.707,-7.09
2015,11,312,-2.2510,-9.4800,-3.211,-3.119
2015,11,313,-14.0200,-2.4130,-4.745,-8.99
2015,11,314,-11.9000,-12.4800,-6.257,-8.83
2015,11,315,-4.7030,-11.3600,-4.588,-5.295
2015,11,316,-4.6070,-4.8370,-3.64,-4.686
2015,11,317,-9.3700,-3.8390,-5.768,-8.63
2015,11,318,-3.4810,-8.5400,-4.304,-4.081
2015,11,319,-5.1600,-3.5540,-3.335,-4.522
2015,11,320,-4.8450,-3.5030,-4.242,-4.713
2015,11,321,0.4990,-4.4370,-1.63,-0.502
2015,11,322,-5.1860,-0.0540,-2.381,-4.23
2015,11,323,-5.6820,-5.2850,-3.873,-6.076
2015,11,324,-12.6200,-5.8410,-6.852,-10.97
2015,11,325,-19.8800,-11.8500,-11.16,-16.11
2015,11,326,-12.7000,-18.8200,-9.99,-11.9
2015,11,327,-16.0000,-12.2500,-10.16,-13.38
2015,11,328,-19.0000,-14.5600,-12.2,-15.83
2015,11,329,-19.7900,-17.6500,-13.08,-16.97
2015,11,330,-20.9900,-18.5500,-14.69,-18.74
2015,11,331,-12.5100,-18.9900,-12.75,-13.53
2015,11,332,-10.4800,-11.5100,-9.68,-10.05
2015,11,333,-9.4300,-10.2500,-8.54,-8.97
2015,11,334,-6.5800,-9.5200,-7.19,-7.48
2016,11,305,-7.0100,-6.9160,-5.237571376,
2016,11,306,-1.6920,-2.4012,-1.756092346,
2016,11,307,-6.2780,-6.2945,-4.758360648,
2016,11,308,-8.3900,-8.0875,-6.141001436,
2016,11,309,1.4170,0.2381,0.279243928,
2016,11,310,-0.0750,-1.0285,-0.697507992,
2016,11,311,3.2380,1.7841,1.471378812,
2016,11,312,-0.0220,-0.9835,-0.662811041,
2016,11,313,-2.7740,-3.3198,-2.464433886,
2016,11,314,2.6600,1.2934,1.092985642,
2016,11,315,-2.3210,-2.9352,-2.167873149,
2016,11,316,-1.6130,-2.3342,-1.704374248,
2016,11,317,3.8220,2.2799,1.853699939,
2016,11,318,-3.0000,-3.5117,-2.612386925,
2016,11,319,-5.2880,-5.4541,-4.110247778,
2016,11,320,0.2930,-0.7161,-0.45659331,
2016,11,321,-1.9890,-2.6534,-1.950526207,
2016,11,322,-12.5600,-11.6276,-8.870931401,
2016,11,323,-18.7100,-16.8487,-12.8970871,
2016,11,324,-18.6900,-16.8317,-12.88399392,
2016,11,325,-17.3200,-15.6686,-11.98711045,
2016,11,326,-12.3600,-11.4578,-8.739999508,
2016,11,327,-6.3450,-6.3514,-4.802222832,
2016,11,328,-7.4700,-7.3065,-5.538714729,
2016,11,329,-9.3300,-8.8855,-6.756381332,
2016,11,330,-4.5260,-4.8072,-3.611397267,
2016,11,331,-3.8850,-4.2630,-3.19176055,
2016,11,332,-3.5130,-3.9472,-2.94822723,
2016,11,333,-1.4200,-2.1703,-1.578024971,
2016,11,334,-0.6060,-1.4793,-1.045132168,
2014,12,335,-27.2000,-26.3100,-22,-24.24
2014,12,336,-26.8200,-25.4100,-22.5,-25.36
2014,12,337,-29.8100,-28.0200,-23.88,-26.81
2014,12,338,-29.6400,-28.6300,-21.66,-23.12
2014,12,339,-24.8900,-24.2800,-22.72,-25.39
2014,12,340,-28.6700,-27.1300,-23.28,-25.62
2014,12,341,-28.0000,-26.1200,-20.27,-21.73
2014,12,342,-24.5700,-22.3900,-17.53,-17.26
2014,12,343,-16.3300,-16.2600,-10.95,-9.24
2014,12,344,-5.9670,-6.1340,-9.72,-10.2
2014,12,345,-10.4500,-10.3100,-7.17,-6.359
2014,12,346,-4.5040,-5.2160,-7.78,-8.93
2014,12,347,-9.3800,-9.5600,-11.55,-13.07
2014,12,348,-15.9800,-14.8600,-9.77,-10.27
2014,12,349,-15.2300,-15.9500,-10.92,-12.04
2014,12,350,-15.5200,-15.1400,-12.32,-14.02
2014,12,351,-14.6300,-13.9200,-13.74,-15.76
2014,12,352,-16.7800,-16.1500,-12.12,-12.27
2014,12,353,-11.4700,-11.7100,-10.18,-10.29
2014,12,354,-10.4900,-10.8800,-8.62,-8.6
2014,12,355,-8.1100,-8.6600,-7.82,-7.71
2014,12,356,-7.8400,-8.0000,-8.74,-8.87
2014,12,357,-14.4900,-14.4900,-8.24,-8.03
2014,12,358,-8.6800,-9.0600,-8.11,-8.43
2014,12,359,-11.6700,-11.8900,-11.17,-11.89
2014,12,360,-21.3400,-21.4100,-12.14,-12.98
2014,12,361,-21.5900,-20.9100,-17.24,-18.4
2014,12,362,-25.1100,-24.9800,-18.67,-20.62
2014,12,363,-24.4900,-24.2400,-18.52,-19.68
2014,12,364,-20.5700,-20.2600,-14.65,-15.51
2014,12,365,-16.5400,-16.8200,-19.54,-22.85
2015,12,335,-5.7620,-6.5360,-6.103,-6.23
2015,12,336,-7.1200,-5.3480,-6.108,-7.03
2015,12,337,-6.1850,-7.0600,-5.652,-6.206
2015,12,338,-6.7110,-6.4100,-5.857,-6.298
2015,12,339,-1.5230,-6.6520,-3.677,-3.053
2015,12,340,-5.8300,-2.1300,-3.564,-3.938
2015,12,341,-7.8100,-5.9050,-3.984,-4.57
2015,12,342,-2.4480,-8.0900,-3.471,-3.506
2015,12,343,-2.7690,-2.6910,-2.886,-2.924
2015,12,344,-15.8600,-2.9430,-3.698,-4.716
2015,12,345,-16.1500,-16.2500,-4.799,-5.95
2015,12,346,-18.9100,-15.8700,-5.369,-6.929
2015,12,347,-9.1400,-18.3800,-5.124,-6.026
2015,12,348,-7.9700,-8.9800,-4.529,-5.252
2015,12,349,-9.2500,-8.0500,-4.397,-5.404
2015,12,350,-12.2800,-9.2800,-4.837,-6.365
2015,12,351,-7.6500,-12.4000,-4.802,-5.706
2015,12,352,-9.7000,-7.6600,-5.827,-5.609
2015,12,353,-17.4600,-9.7900,-7.67,-7.01
2015,12,354,-25.2300,-17.6900,-10.45,-10.93
2015,12,355,-15.4500,-24.4500,-10.41,-10.13
2015,12,356,-11.9300,-15.6600,-8.83,-8.87
2015,12,357,-19.6800,-12.1800,-9.03,-10.46
2015,12,358,-19.9000,-19.2000,-10.28,-11.21
2015,12,359,-31.2600,-19.2200,-15.4,-16.2
2015,12,360,-31.5100,-28.9000,-17.05,-17.79
2015,12,361,-33.3100,-31.1800,-18.22,-18.89
2015,12,362,-30.0800,-31.3900,-18.38,-18.78
2015,12,363,-18.8100,-29.9600,-14.91,-15.4
2015,12,364,-15.4700,-19.2400,-12.82,-13.41
2015,12,365,-13.9100,-15.3100,-12.3,-12.56
2016,12,335,-1.2730,-3.1887,-3.423810036,
2016,12,336,-4.4920,-5.9001,-5.137276304,
2016,12,337,-11.5900,-11.8788,-8.915525317,
2016,12,338,-13.7900,-13.7318,-10.08658024,
2016,12,339,-10.4700,-10.9354,-8.319351903,
2016,12,340,-5.3970,-6.6623,-5.619005715,
2016,12,341,-4.8740,-6.2218,-5.340614022,
2016,12,342,-8.9500,-9.6551,-7.510259412,
2016,12,343,-17.9800,-17.2611,-12.31690756,
2016,12,344,-21.1900,-19.9649,-14.02558315,
2016,12,345,-24.6400,-22.8709,-15.86201019,
2016,12,346,-24.6800,-22.9046,-15.8833021,
2016,12,347,-29.7000,-27.1330,-18.55543651,
2016,12,348,-34.6300,-31.2856,-21.17966413,
2016,12,349,-19.1400,-18.2382,-12.93437289,
2016,12,350,-28.3200,-25.9706,-17.82086569,
2016,12,351,-30.2300,-27.5794,-18.83755428,
2016,12,352,-30.9900,-28.2196,-19.24210053,
2016,12,353,-32.0500,-29.1124,-19.80633608,
2016,12,354,-34.1900,-30.9150,-20.94545314,
2016,12,355,-31.4300,-28.5902,-19.47631151,
2016,12,356,-26.7200,-24.6229,-16.96918939,
2016,12,357,-19.4900,-18.5330,-13.12067708,
2016,12,358,-21.0200,-19.8217,-13.93509255,
2016,12,359,-25.1800,-23.3257,-16.14945094,
2016,12,360,-25.1300,-23.2836,-16.12283606,
2016,12,361,-27.5200,-25.2967,-17.39502754,
2016,12,362,-21.1000,-19.8891,-13.97767636,
2016,12,363,-13.3200,-13.3360,-9.836400323,
2016,12,364,-19.7100,-18.7183,-13.23778257,
2016,12,365,-27.4300,-25.2209,-17.34712075,